Workbook

Sheet Summary
B1: Update the newly bought shuttlecocks with its tube name,price and holder name under the "Record" table.
A3: Shuttlecocks Money Summary
B6: =SUM(C15:C1001) -> 4098.972 | D6: =SUM(Records!D4:D1001) -> 460
B7: wasted :( | D7: dead cocks
B10: Cocks Bought | C10: =SUM(E15:E1001) -> 514 | D10: =IFERROR(__xludf.DUMMYFUNCTION("SPARKLINE(C10,{""charttype"",""bar"";""max"",max(C10:C11);""color1"",""#AEB7C0""})"),"") | I10: Upcoming plan: | K10: Brand Pie Chart
B11: Cocks Left | C11: =SUM(F15:F1001) -> 54 | D11: =IFERROR(__xludf.DUMMYFUNCTION("SPARKLINE(C11,{""charttype"",""bar"";""max"",max(C10:C11);""color1"",""#334960""})"),"")
B13: Record | J13: Payment
B14: Tubes | C14: Price | D14: Per Ball | E14: Ball | F14: Ball left | G14: Holder | H14: Status | J14: Tube | K14: RSL S19
A15: 1 | B15: Pomax | C15: 77.9 | D15: =C15/E15 -> 6.4916667 | E15: 12 | F15: =E15-SUMIF(Records!$C:$C,B15,Records!$D:$D) -> 0 | G15: Poi | H15: TRUE | J15: Payment | K15: Amount
A16: 2 | B16: Pomax 2 | C16: 78.41 | D16: =C16/E16 -> 6.5341667 | E16: 12 | F16: =E16-SUMIF(Records!$C:$C,B16,Records!$D:$D) -> 0 | G16: Poi | H16: TRUE | J16: Poi | K16: =SUMIF(Calculations!$C$4:$C1001,$K$14,Calculations!$G$4:$G1001) -> 18.449206
A17: 3 | B17: DimG | C17: 86 | D17: =C17/E17 -> 7.1666667 | E17: 12 | F17: =E17-SUMIF(Records!$C:$C,B17,Records!$D:$D) -> 0 | G17: Poi | H17: TRUE | J17: ZT | K17: =SUMIF(Calculations!$C$4:$C1001,$K$14,Calculations!$H$4:$H1001) -> 5.5347619
A18: 4 | B18: RSL C | C18: 76.67 | D18: =C18/E18 -> 6.3891667 | E18: 12 | F18: =E18-SUMIF(Records!$C:$C,B18,Records!$D:$D) -> 0 | G18: Poi | H18: TRUE | J18: YZ | K18: =SUMIF(Calculations!$C$4:$C1001,$K$14,Calculations!$I$4:$I1001) -> 0
A19: 5 | B19: Sealion | C19: 69.36 | D19: =C19/E19 -> 5.78 | E19: 12 | F19: =E19-SUMIF(Records!$C:$C,B19,Records!$D:$D) -> 0 | G19: Poi | H19: TRUE | J19: KC | K19: =SUMIF(Calculations!$C$4:$C1001,$K$14,Calculations!$J$4:$J1001) -> 8.763373
A20: 6 | B20: AS 50 | C20: 105 | D20: =C20/E20 -> 8.75 | E20: 12 | F20: =E20-SUMIF(Records!$C:$C,B20,Records!$D:$D) -> 0 | G20: Poi | H20: TRUE | J20: CJ | K20: =SUMIF(Calculations!$C$4:$C1001,$K$14,Calculations!$K$4:$K1001) -> 18.449206
A21: 7 | B21: Felet Orange | C21: 75 | D21: =C21/E21 -> 6.25 | E21: 12 | F21: =E21-SUMIF(Records!$C:$C,B21,Records!$D:$D) -> 0 | G21: Poi | H21: TRUE | J21: HX | K21: =SUMIF(Calculations!$C$4:$C1001,$K$14,Calculations!$L$4:$L1001) -> 18.449206
A22: 8 | B22: RSL S | C22: 76.41 | D22: =C22/E22 -> 6.3675 | E22: 12 | F22: =E22-SUMIF(Records!$C:$C,B22,Records!$D:$D) -> 0 | G22: Poi | H22: TRUE | J22: JZ | K22: =SUMIF(Calculations!$C$4:$C1001,$K$14,Calculations!$M$4:$M1001) -> 9.6858333
A23: 9 | B23: RSL S2 | C23: 80 | D23: =C23/E23 -> 6.6666667 | E23: 12 | F23: =E23-SUMIF(Records!$C:$C,B23,Records!$D:$D) -> 0 | G23: Poi | H23: TRUE | J23: LW | K23: =SUMIF(Calculations!$C$4:$C1001,$K$14,Calculations!$N$4:$N1001) -> 0
A24: 10 | B24: Protech Plat | C24: 69.36 | D24: =C24/E24 -> 5.78 | E24: 12 | F24: =E24-SUMIF(Records!$C:$C,B24,Records!$D:$D) -> 0 | G24: Poi | H24: TRUE | J24: KY | K24: =SUMIF(Calculations!$C$4:$C1001,$K$14,Calculations!$O$4:$O1001) -> 18.449206
A25: 11 | B25: RSL S Stream | C25: 75.39 | D25: =C25/E25 -> 6.2825 | E25: 12 | F25: =E25-SUMIF(Records!$C:$C,B25,Records!$D:$D) -> 0 | G25: Poi | H25: TRUE | J25: Jit Loong | K25: =SUMIF(Calculations!$C$4:$C1001,$K$14,Calculations!$P$4:$P1001) -> 0
A26: 12 | B26: RSL Smash | C26: 61.3 | D26: =C26/E26 -> 5.1083333 | E26: 12 | F26: =E26-SUMIF(Records!$C:$C,B26,Records!$D:$D) -> 0 | G26: Poi | H26: TRUE | J26: Matthew | K26: =SUMIF(Calculations!$C$4:$C1001,$K$14,Calculations!$Q$4:$Q1001) -> 0
A27: 13 | B27: Protech Plat 2 | C27: 74.98 | D27: =C27/E27 -> 6.2483333 | E27: 12 | F27: =E27-SUMIF(Records!$C:$C,B27,Records!$D:$D) -> 0 | G27: Poi | H27: TRUE | J27: Hau Jin | K27: =SUMIF(Calculations!$C$4:$C1001,$K$14,Calculations!$R$4:$R1001) -> 0
A28: 14 | B28: Protech Plat 3 | C28: 74.98 | D28: =C28/E28 -> 6.2483333 | E28: 12 | F28: =E28-SUMIF(Records!$C:$C,B28,Records!$D:$D) -> 0 | G28: Poi | H28: TRUE | J28: Kit Liang | K28: =SUMIF(Calculations!$C$4:$C1001,$K$14,Calculations!$S$4:$S1001) -> 0
A29: 15 | B29: RSL S3 | C29: 85.87 | D29: =C29/E29 -> 7.1558333 | E29: 12 | F29: =E29-SUMIF(Records!$C:$C,B29,Records!$D:$D) -> 0 | G29: Poi | H29: TRUE | J29: YL | K29: =SUMIF(Calculations!$C$4:$C1001,$K$14,Calculations!$T$4:$T1001) -> 8.763373
A30: 16 | B30: RSL S4 | C30: 85.87 | D30: =C30/E30 -> 7.1558333 | E30: 12 | F30: =E30-SUMIF(Records!$C:$C,B30,Records!$D:$D) -> 0 | G30: Poi | H30: TRUE | J30: YX | K30: =SUMIF(Calculations!$C$4:$C1001,$K$14,Calculations!$U$4:$U1001) -> 0
A31: 17 | B31: RCL T | C31: 50 | D31: =C31/E31 -> 5 | E31: 10 | F31: =E31-SUMIF(Records!$C:$C,B31,Records!$D:$D) -> 0 | G31: Poi | H31: TRUE | J31: ZZ | K31: =SUMIF(Calculations!$C$4:$C1001,$K$14,Calculations!$V$4:$V1001) -> 9.6858333
A32: 18 | B32: LM Orange | C32: 87.86 | D32: =C32/E32 -> 7.3216667 | E32: 12 | F32: =E32-SUMIF(Records!$C:$C,B32,Records!$D:$D) -> 0 | G32: Poi | H32: TRUE | J32: Total | K32: =SUM(K16:K31) -> 116.23
A33: 19 | B33: LM DG | C33: 87.86 | D33: =C33/E33 -> 7.3216667 | E33: 12 | F33: =E33-SUMIF(Records!$C:$C,B33,Records!$D:$D) -> 0 | G33: Poi | H33: TRUE
A34: 20 | B34: LM Black | C34: 96.86 | D34: =C34/E34 -> 8.0716667 | E34: 12 | F34: =E34-SUMIF(Records!$C:$C,B34,Records!$D:$D) -> 0 | G34: Poi | H34: TRUE
A35: 21 | B35: LM DG2 | C35: 97.59 | D35: =C35/E35 -> 8.1325 | E35: 12 | F35: =E35-SUMIF(Records!$C:$C,B35,Records!$D:$D) -> 0 | G35: Poi | H35: TRUE
A36: 22 | B36: RCL BG | C36: 96.1 | D36: =C36/E36 -> 8.0083333 | E36: 12 | F36: =E36-SUMIF(Records!$C:$C,B36,Records!$D:$D) -> 0 | G36: Poi | H36: TRUE
A37: 23 | B37: RCL BG2 | C37: 96.1 | D37: =C37/E37 -> 8.0083333 | E37: 12 | F37: =E37-SUMIF(Records!$C:$C,B37,Records!$D:$D) -> 0 | G37: Poi | H37: TRUE
A38: 24 | B38: RSL S5 | C38: 98.77 | D38: =C38/E38 -> 8.2308333 | E38: 12 | F38: =E38-SUMIF(Records!$C:$C,B38,Records!$D:$D) -> 0 | G38: Poi | H38: TRUE
A39: 25 | B39: RSL S6 | C39: 98.77 | D39: =C39/E39 -> 8.2308333 | E39: 12 | F39: =E39-SUMIF(Records!$C:$C,B39,Records!$D:$D) -> 0 | G39: Poi | H39: TRUE
A40: 26 | B40: RSL S7 | C40: 101.5 | D40: =C40/E40 -> 8.4583333 | E40: 12 | F40: =E40-SUMIF(Records!$C:$C,B40,Records!$D:$D) -> 0 | G40: Poi | H40: TRUE
A41: 27 | B41: RSL S8 | C41: 101.5 | D41: =C41/E41 -> 8.4583333 | E41: 12 | F41: =E41-SUMIF(Records!$C:$C,B41,Records!$D:$D) -> 0 | G41: Poi | H41: TRUE
A42: 28 | B42: RSL S9 | C42: 101.37 | D42: =C42/E42 -> 8.4475 | E42: 12 | F42: =E42-SUMIF(Records!$C:$C,B42,Records!$D:$D) -> 0 | G42: Poi | H42: TRUE
A43: 29 | B43: RSL S10 | C43: 101.37 | D43: =C43/E43 -> 8.4475 | E43: 12 | F43: =E43-SUMIF(Records!$C:$C,B43,Records!$D:$D) -> 0 | G43: Poi | H43: TRUE
A44: 30 | B44: RSL S11 | C44: 104.87 | D44: =C44/E44 -> 8.7391667 | E44: 12 | F44: =E44-SUMIF(Records!$C:$C,B44,Records!$D:$D) -> 0 | G44: Poi | H44: TRUE
... A57: 43 | B57: RSL S22 | C57: 126.967 | D57: =C57/E57 -> 10.580583 | E57: 12 | F57: =E57-SUMIF(Records!$C:$C,B57,Records!$D:$D) -> 10 | G57: Poi | H57: FALSE
A58: 44 | H58: FALSE
A59: 45 | H59: FALSE
A60: 46 | H60: FALSE
A61: 47 | H61: FALSE
A62: 48 | H62: FALSE
A63: 49 | H63: FALSE

Sheet Records
B1: Update the following informations and leave highlighted cells unedited.
B3: Date | C3: Tube | D3: Ball used | E3: User | G3: Poi | H3: ZT | I3: YZ | J3: KC | K3: CJ | L3: HX | M3: JZ | N3: LW | O3: KY | P3: Jit Loong | Q3: Matthew | R3: Hau Jin | S3: Kit Liang | T3: YL | U3: YX | V3: ZZ
B4: 45182 | C4: Pomax | D4: 2 | E4: =SUM(G4:AM4) -> 5 | G4: 1 | J4: 1 | L4: 1 | T4: 1 | V4: 1
B5: 45197 | C5: Pomax | D5: 3 | E5: =SUM(G5:AM5) -> 8 | G5: 1 | I5: 1 | J5: 1 | L5: 1 | O5: 1 | Q5: 1 | U5: 1 | V5: 1
B6: 45200 | C6: Pomax | D6: 4 | E6: =SUM(G6:AM6) -> 11 | G6: 1 | H6: 1 | I6: 1 | J6: 1 | K6: 1 | M6: 1 | N6: 1 | O6: 1 | Q6: 1 | T6: 1 | U6: 1
B7: 45207 | C7: Pomax | D7: 2 | E7: =SUM(G7:AM7) -> 6 | G7: 1 | H7: 1 | I7: 1 | J7: 1 | K7: 1 | O7: 1
B8: 45219 | C8: Pomax | D8: 1 | E8: =SUM(G8:AM8) -> 1 | G8: 1
B9: 45221 | C9: Pomax 2 | D9: 5 | E9: =SUM(G9:AM9) -> 9 | G9: 1 | H9: 1 | J9: 1 | K9: 1 | N9: 1 | O9: 1 | P9: 1 | Q9: 1 | T9: 1
B10: 45228 | C10: Pomax 2 | D10: 4 | E10: =SUM(G10:AM10) -> 9 | G10: 1 | H10: 1 | I10: 1 | J10: 1 | K10: 1 | L10: 1 | O10: 1 | Q10: 1 | T10: 1
B11: 45235 | C11: Pomax 2 | D11: 3 | E11: =SUM(G11:AM11) -> 10 | G11: 1 | H11: 1 | I11: 1 | J11: 1 | K11: 1 | L11: 1 | M11: 1 | O11: 1 | Q11: 1 | T11: 1
B12: 45629 | C12: DimG | D12: 3 | E12: =SUM(G12:AM12) -> 7 | G12: 1 | J12: 1 | K12: 1 | L12: 1 | O12: 1 | Q12: 1 | V12: 1
B13: 45270 | C13: DimG | D13: 3 | E13: =SUM(G13:AM13) -> 6 | G13: 1 | H13: 1 | I13: 1 | J13: 1 | K13: 1 | L13: 1
B14: 45277 | C14: DimG | D14: 3 | E14: =SUM(G14:AM14) -> 6 | G14: 1 | H14: 1 | I14: 1 | J14: 1 | K14: 1 | T14: 1
B15: 45283 | C15: DimG | D15: 3 | E15: =SUM(G15:AM15) -> 7 | G15: 1 | H15: 1 | I15: 1 | J15: 1 | K15: 1 | L15: 1 | T15: 1
B16: 45236 | C16: RSL C | D16: 2 | E16: =SUM(G16:AM16) -> 10 | G16: 1 | H16: 1 | I16: 1 | J16: 1 | K16: 1 | L16: 1 | M16: 1 | O16: 1 | Q16: 1 | T16: 1
B17: 45242 | C17: RSL C | D17: 4 | E17: =SUM(G17:AM17) -> 8 | G17: 1 | H17: 1 | J17: 1 | K17: 1 | L17: 1 | N17: 1 | O17: 1 | T17: 1
B18: 45250 | C18: RSL C | D18: 2 | E18: =SUM(G18:AM18) -> 9 | G18: 1 | H18: 1 | I18: 1 | J18: 1 | K18: 1 | N18: 1 | O18: 1 | Q18: 1 | T18: 1
B19: 45257 | C19: RSL C | D19: 4 | E19: =SUM(G19:AM19) -> 7 | G19: 1 | H19: 1 | I19: 1 | J19: 1 | K19: 1 | O19: 1 | Q19: 1
B20: 45296 | C20: Sealion | D20: 1 | E20: =SUM(G20:AM20) -> 1 | G20: 1
B21: 45298 | C21: Sealion | D21: 4 | E21: =SUM(G21:AM21) -> 7 | G21: 1 | H21: 1 | I21: 1 | J21: 1 | K21: 1 | O21: 1 | T21: 1
B22: 45305 | C22: Sealion | D22: 5 | E22: =SUM(G22:AM22) -> 8 | G22: 1 | H22: 1 | I22: 1 | J22: 1 | K22: 1 | L22: 1 | M22: 1 | O22: 1
B23: 45340 | C23: Sealion | D23: 2 | E23: =SUM(G23:AM23) -> 6 | G23: 1 | I23: 1 | J23: 1 | L23: 1 | R23: 1 | V23: 1
B24: 45221 | C24: AS 50 | D24: 2 | E24: =SUM(G24:AM24) -> 9 | G24: 1 | H24: 1 | I24: 1 | J24: 1 | K24: 1 | N24: 1 | O24: 1 | Q24: 1 | T24: 1
B25: 45291 | C25: AS 50 | D25: 5 | E25: =SUM(G25:AM25) -> 10 | G25: 1 | H25: 1 | I25: 2 | J25: 1 | K25: 1 | L25: 1 | O25: 1 | T25: 1 | V25: 1
B26: 45343 | C26: AS 50 | D26: 2 | E26: =SUM(G26:AM26) -> 10 | G26: 1 | H26: 2 | I26: 1 | J26: 1 | K26: 1 | L26: 1 | M26: 1 | O26: 1 | T26: 1
B27: 45340 | C27: Felet Orange | D27: 2 | E27: =SUM(G27:AM27) -> 6 | G27: 1 | I27: 1 | J27: 1 | L27: 1 | R27: 1 | V27: 1
B28: 45343 | C28: Felet Orange | D28: 1 | E28: =SUM(G28:AM28) -> 10 | G28: 1 | H28: 2 | I28: 1 | J28: 1 | K28: 1 | L28: 1 | M28: 1 | O28: 1 | T28: 1
B29: 45319 | C29: Felet Orange | D29: 5 | E29: =SUM(G29:AM29) -> 7 | G29: 1 | H29: 1 | J29: 1 | K29: 1 | L29: 1 | O29: 1 | T29: 1
B30: 45326 | C30: Felet Orange | D30: 2 | E30: =SUM(G30:AM30) -> 8 | G30: 1 | H30: 1 | I30: 1 | J30: 1 | L30: 1 | O30: 1 | R30: 1 | T30: 1
B31: 45326 | C31: AS 50 | D31: 2 | E31: =SUM(G31:AM31) -> 8 | G31: 1 | H31: 1 | I31: 1 | J31: 1 | L31: 1 | O31: 1 | R31: 1 | T31: 1
B32: 45330 | C32: AS 50 | D32: 1 | E32: =SUM(G32:AM32) -> 8 | G32: 1 | H32: 1 | I32: 1 | J32: 1 | L32: 1 | M32: 1 | R32: 1 | U32: 1
B33: 45330 | C33: Felet Orange | D33: 2 | E33: =SUM(G33:AM33) -> 8 | G33: 1 | H33: 1 | I33: 1 | J33: 1 | L33: 1 | M33: 1 | R33: 1 | U33: 1
B34: 45330 | C34: RSL S | D34: 3 | E34: =SUM(G34:AM34) -> 8 | G34: 1 | H34: 1 | I34: 1 | J34: 1 | L34: 1 | M34: 1 | R34: 1 | U34: 1
B35: 45347 | C35: RSL S | D35: 5 | E35: =SUM(G35:AM35) -> 7 | G35: 1 | I35: 1 | J35: 1 | K35: 1 | O35: 1 | R35: 1 | S35: 1
B36: 45361 | C36: RSL S | D36: 4 | E36: =SUM(G36:AM36) -> 8 | G36: 1 | H36: 1 | J36: 1 | K36: 1 | L36: 1 | O36: 1 | R36: 1 | T36: 1
B37: 45368 | C37: Protech Plat | D37: 7 | E37: =SUM(G37:AM37) -> 8 | G37: 1 | H37: 1 | I37: 1 | J37: 1 | K37: 1 | L37: 1 | O37: 1 | T37: 1
B38: 45371 | C38: Protech Plat | D38: 3 | E38: =SUM(G38:AM38) -> 1 | G38: 1
B39: 45374 | C39: Protech Plat | D39: 2 | E39: =SUM(G39:AM39) -> 8 | G39: 1 | H39: 1 | I39: 1 | J39: 1 | K39: 1 | L39: 1 | O39: 1 | T39: 1
B40: 45382 | C40: RSL S2 | D40: 4 | E40: =SUM(G40:AM40) -> 7 | G40: 1 | H40: 1 | J40: 1 | K40: 1 | L40: 1 | O40: 1 | T40: 1
B41: 45385 | C41: RSL Smash | D41: 1 | E41: =SUM(G41:AM41) -> 1 | G41: 1
B42: 45389 | C42: RSL S2 | D42: 4 | E42: =SUM(G42:AM42) -> 7 | G42: 1 | H42: 1 | J42: 1 | K42: 1 | L42: 1 | N42: 1 | T42: 1
B43: 45390 | C43: RSL Smash | D43: 1 | E43: =SUM(G43:AM43) -> 1 | G43: 1
B44: 45396 | C44: RSL S2 | D44: 4 | E44: =SUM(G44:AM44) -> 9 | G44: 1 | H44: 1 | J44: 1 | K44: 1 | L44: 1 | N44: 1 | O44: 1 | R44: 1 | T44: 1
B45: 45401 | C45: RSL Smash | D45: 4 | E45: =SUM(G45:AM45) -> 1 | G45: 1
B46: 45403 | C46: RSL S Stream | D46: 6 | E46: =SUM(G46:AM46) -> 11 | G46: 1 | H46: 1 | I46: 1 | J46: 1 | K46: 1 | L46: 1 | N46: 1 | O46: 1 | R46: 1 | T46: 1 | V46: 1
B47: 45408 | C47: RSL Smash | D47: 2 | E47: =SUM(G47:AM47) -> 1 | G47: 1
B48: 45410 | C48: RSL S Stream | D48: 6 | E48: =SUM(G48:AM48) -> 10 | G48: 1 | H48: 1 | I48: 1 | J48: 1 | K48: 1 | L48: 2 | O48: 1 | T48: 1 | V48: 1
B49: 45413 | C49: Protech Plat 2 | D49: 4 | E49: =SUM(G49:AM49) -> 6 | G49: 1 | H49: 1 | J49: 1 | K49: 1 | O49: 1 | T49: 1
B50: 45417 | C50: Protech Plat 2 | D50: 4 | E50: =SUM(G50:AM50) -> 7 | G50: 1 | J50: 1 | K50: 1 | L50: 1 | O50: 1 | Q50: 1 | T50: 1
B51: 45420 | C51: RSL Smash | D51: 4 | E51: =SUM(G51:AM51) -> 1 | G51: 1
B52: 45424 | C52: Protech Plat 2 | D52: 4 | E52: =SUM(G52:AM52) -> 8 | G52: 1 | H52: 1 | J52: 1 | K52: 1 | L52: 1 | O52: 1 | R52: 1 | T52: 1
B53: 45424 | C53: Protech Plat 3 | D53: 2 | E53: =SUM(G53:AM53) -> 8 | G53: 1 | H53: 1 | J53: 1 | K53: 1 | L53: 1 | O53: 1 | R53: 1 | T53: 1
B54: 45431 | C54: Protech Plat 3 | D54: 4 | E54: =SUM(G54:AM54) -> 9 | G54: 1 | H54: 1 | J54: 1 | K54: 1 | L54: 1 | O54: 1 | P54: 1 | T54: 1 | V54: 1
B55: 45438 | C55: Protech Plat 3 | D55: 5 | E55: =SUM(G55:AM55) -> 11 | G55: 1 | H55: 1 | J55: 1 | K55: 1 | L55: 1 | N55: 1 | O55: 1 | R55: 1 | T55: 1 | U55: 1 | V55: 1
B56: 45541 | C56: Protech Plat 3 | D56: 1 | E56: =SUM(G56:AM56) -> 8 | G56: 1 | H56: 1 | J56: 1 | K56: 1 | O56: 1 | R56: 1 | T56: 1 | V56: 1
B57: 45541 | C57: RSL S3 | D57: 4 | E57: =SUM(G57:AM57) -> 8 | G57: 1 | H57: 1 | J57: 1 | K57: 1 | O57: 1 | R57: 1 | T57: 1 | V57: 1
B58: 45551 | C58: RSL S3 | D58: 5 | E58: =SUM(G58:AM58) -> 8 | G58: 1 | J58: 1 | K58: 1 | L58: 1 | O58: 1 | R58: 1 | T58: 1 | V58: 1
B59: 45466 | C59: RCL T | D59: 6 | E59: =SUM(G59:AM59) -> 10 | G59: 1 | H59: 1 | I59: 1 | J59: 1 | K59: 1 | L59: 1 | O59: 1 | R59: 1 | T59: 1 | V59: 1
B60: 45473 | C60: RSL S4 | D60: 6 | E60: =SUM(G60:AM60) -> 9 | G60: 1 | H60: 1 | J60: 1 | K60: 1 | L60: 1 | O60: 1 | R60: 1 | T60: 1 | V60: 1
B61: 45479 | C61: RSL S4 | D61: 2 | E61: =SUM(G61:AM61) -> 1 | G61: 1
B62: 45480 | C62: RSL S3 | D62: 3 | E62: =SUM(G62:AM62) -> 10 | G62: 1 | H62: 1 | J62: 1 | K62: 1 | L62: 1 | M62: 1 | O62: 1 | R62: 1 | T62: 1 | V62: 1
B63: 45480 | C63: RSL S4 | D63: 3 | E63: =SUM(G63:AM63) -> 10 | G63: 1 | H63: 1 | J63: 1 | K63: 1 | L63: 1 | M63: 1 | O63: 1 | R63: 1 | T63: 1 | V63: 1
B64: 45494 | C64: LM Orange | D64: 5 | E64: =SUM(G64:AM64) -> 10 | G64: 1 | H64: 1 | J64: 1 | K64: 1 | L64: 2 | O64: 1 | R64: 1 | T64: 1 | V64: 1
B65: 45600 | C65: LM DG | D65: 3 | E65: =SUM(G65:AM65) -> 7 | G65: 1 | H65: 1 | K65: 1 | L65: 1 | O65: 1 | R65: 1 | V65: 1
B66: 45515 | C66: LM DG | D66: 6 | E66: =SUM(G66:AM66) -> 11 | G66: 4 | H66: 1 | J66: 1 | K66: 1 | L66: 2 | O66: 1 | V66: 1
B67: 45501 | C67: LM Orange | D67: 7 | E67: =SUM(G67:AM67) -> 10 | G67: 1 | H67: 1 | J67: 1 | K67: 1 | L67: 1 | O67: 1 | R67: 1 | S67: 1 | T67: 1 | V67: 1
B68: 45522 | C68: LM Black | D68: 7 | E68: =SUM(G68:AM68) -> 8 | G68: 1 | I68: 1 | J68: 1 | K68: 1 | L68: 1 | O68: 1 | T68: 1 | V68: 1
B69: 45529 | C69: LM DG | D69: 3 | E69: =SUM(G69:AM69) -> 8 | G69: 2 | J69: 1 | K69: 1 | O69: 1 | R69: 1 | T69: 1 | V69: 1
B70: 45529 | C70: RSL S4 | D70: 1 | E70: =SUM(G70:AM70) -> 8 | G70: 2 | J70: 1 | K70: 1 | O70: 1 | R70: 1 | T70: 1 | V70: 1
B71: 45529 | C71: RCL T | D71: 3 | E71: =SUM(G71:AM71) -> 8 | G71: 2 | J71: 1 | K71: 1 | O71: 1 | R71: 1 | T71: 1 | V71: 1
B72: 45535 | C72: RCL BG | D72: 2 | E72: =SUM(G72:AM72) -> 1 | G72: 1
B73: 45543 | C73: RCL BG | D73: 5 | E73: =SUM(G73:AM73) -> 9 | G73: 1 | H73: 1 | J73: 1 | K73: 1 | L73: 1 | O73: 1 | R73: 1 | T73: 1 | V73: 1
B74: 45557 | C74: RCL BG2 | D74: 3 | E74: =SUM(G74:AM74) -> 9 | G74: 1 | J74: 1 | K74: 1 | L74: 1 | N74: 1 | O74: 1 | Q74: 1 | T74: 1 | V74: 1
B75: 45564 | C75: RCL T | D75: 1 | E75: =SUM(G75:AM75) -> 9 | G75: 1 | H75: 1 | J75: 1 | K75: 1 | L75: 1 | O75: 1 | R75: 1 | T75: 1 | U75: 1
B76: 45564 | C76: LM Black | D76: 1 | E76: =SUM(G76:AM76) -> 9 | G76: 1 | H76: 1 | J76: 1 | K76: 1 | L76: 1 | O76: 1 | R76: 1 | T76: 1 | U76: 1
B77: 45564 | C77: RCL BG | D77: 5 | E77: =SUM(G77:AM77) -> 9 | G77: 1 | H77: 1 | J77: 1 | K77: 1 | L77: 1 | O77: 1 | R77: 1 | T77: 1 | U77: 1
B78: 45571 | C78: RCL BG2 | D78: 4 | E78: =SUM(G78:AM78) -> 9 | G78: 1 | H78: 1 | J78: 1 | K78: 1 | L78: 1 | O78: 1 | T78: 1 | U78: 1 | V78: 1
B79: 45578 | C79: RCL BG2 | D79: 5 | E79: =SUM(G79:AM79) -> 8 | G79: 2 | J79: 1 | K79: 1 | O79: 1 | R79: 1 | S79: 1 | T79: 1
B80: 45578 | C80: LM Black | D80: 1 | E80: =SUM(G80:AM80) -> 8 | G80: 2 | J80: 1 | K80: 1 | O80: 1 | R80: 1 | S80: 1 | T80: 1
B81: 45585 | C81: LM DG2 | D81: 3 | E81: =SUM(G81:AM81) -> 6 | G81: 1 | H81: 1 | J81: 1 | K81: 1 | O81: 1 | R81: 1
B82: 45599 | C82: LM DG2 | D82: 2 | E82: =SUM(G82:AM82) -> 8 | G82: 2 | H82: 1 | J82: 1 | K82: 1 | M82: 1 | O82: 1 | R82: 1
B83: 45599 | C83: LM Black | D83: 3 | E83: =SUM(G83:AM83) -> 8 | G83: 2 | H83: 1 | J83: 1 | K83: 1 | M83: 1 | O83: 1 | R83: 1
B84: 45606 | C84: RSL S5 | D84: 4 | E84: =SUM(G84:AM84) -> 10 | G84: 1 | H84: 1 | J84: 1 | K84: 1 | L84: 1 | M84: 1 | O84: 1 | R84: 1 | U84: 1 | V84: 1
B85: 45620 | C85: RSL S5 | D85: 5 | E85: =SUM(G85:AM85) -> 8 | G85: 1 | H85: 1 | K85: 1 | L85: 1 | M85: 1 | O85: 1 | R85: 1 | T85: 1
B86: 45626 | C86: RSL S5 | D86: 3 | E86: =SUM(G86:AM86) -> 10 | G86: 1 | H86: 1 | J86: 1 | K86: 1 | L86: 1 | O86: 1 | R86: 1 | S86: 1 | T86: 1 | V86: 1
B87: 45626 | C87: LM DG2 | D87: 4 | E87: =SUM(G87:AM87) -> 10 | G87: 1 | H87: 1 | J87: 1 | K87: 1 | L87: 1 | O87: 1 | R87: 1 | S87: 1 | T87: 1 | V87: 1
B88: 45633 | C88: RSL S6 | D88: 6 | E88: =SUM(G88:AM88) -> 8 | G88: 1 | J88: 1 | K88: 1 | L88: 1 | O88: 1 | R88: 1 | S88: 1 | T88: 1
B89: 45641 | C89: RSL S7 | D89: 6 | E89: =SUM(G89:AM89) -> 8 | G89: 1 | H89: 1 | J89: 1 | K89: 1 | L89: 1 | R89: 1 | T89: 1 | V89: 1
B90: 45648 | C90: RSL S6 | D90: 6 | E90: =SUM(G90:AM90) -> 10 | G90: 1 | H90: 2 | K90: 1 | L90: 1 | O90: 1 | R90: 2 | S90: 1 | T90: 1
B91: 45655 | C91: LM DG2 | D91: 3 | E91: =SUM(G91:AM91) -> 10 | G91: 2 | H91: 1 | K91: 1 | L91: 1 | N91: 1 | O91: 1 | R91: 1 | S91: 1 | V91: 1
B92: 45655 | C92: RSL S7 | D92: 2 | E92: =SUM(G92:AM92) -> 10 | G92: 2 | H92: 1 | K92: 1 | L92: 1 | N92: 1 | O92: 1 | R92: 1 | S92: 1 | V92: 1
B93: 45778 | C93: RSL S7 | D93: 3 | E93: =SUM(G93:AM93) -> 8 | G93: 1 | H93: 1 | J93: 1 | L93: 1 | O93: 1 | R93: 1 | S93: 1 | T93: 1
B94: 45778 | C94: RSL S8 | D94: 4 | E94: =SUM(G94:AM94) -> 8 | G94: 1 | H94: 1 | J94: 1 | L94: 1 | O94: 1 | R94: 1 | S94: 1 | T94: 1
B95: 45748 | C95: RSL S7 | D95: 1 | E95: =SUM(G95:AM95) -> 1 | G95: 1
B96: 45669 | C96: RSL S8 | D96: 4 | E96: =SUM(G96:AM96) -> 5 | G96: 1 | I96: 1 | J96: 1 | R96: 1 | T96: 1
B97: 45676 | C97: RSL S9 | D97: 5 | E97: =SUM(G97:AM97) -> 8 | G97: 1 | H97: 1 | J97: 1 | L97: 1 | M97: 1 | O97: 1 | T97: 1 | V97: 1
B98: 45683 | C98: RSL S8 | D98: 4 | E98: =SUM(G98:AM98) -> 11 | G98: 1 | H98: 1 | I98: 1 | J98: 1 | K98: 1 | L98: 1 | N98: 1 | O98: 1 | Q98: 1 | T98: 1 | V98: 1
B99: 45683 | C99: RSL S9 | D99: 2 | E99: =SUM(G99:AM99) -> 11 | G99: 1 | H99: 1 | I99: 1 | J99: 1 | K99: 1 | L99: 1 | N99: 1 | O99: 1 | Q99: 1 | T99: 1 | V99: 1
B100: 45688 | C100: RSL S10 | D100: 5 | E100: =SUM(G100:AM100) -> 8 | G100: 1 | H100: 1 | I100: 1 | J100: 1 | K100: 1 | L100: 2 | T100: 1
B101: 45690 | C101: RSL S10 | D101: 3 | E101: =SUM(G101:AM101) -> 6 | G101: 1 | J101: 1 | K101: 1 | M101: 1 | O101: 1 | T101: 1
...

Sheet Calculations
B3: Date | C3: Tube | D3: Ball price | E3: Weightage | G3: Poi | H3: ZT | I3: YZ | J3: KC | K3: CJ | L3: HX | M3: JZ | N3: LW | O3: KY | P3: Jit Loong | Q3: Matthew | R3: Hau Jin | S3: Kit Liang | T3: YL | U3: YX | V3: ZZ
B4: =Records!B4 -> 45182 | C4: =Records!$C4 -> Pomax | D4: =SUMIF(Summary!$B$15:$B$31,C4,Summary!$D$15:$D$31) -> 6.4916667 | E4: =if(Records!E4=0,0,D4*Records!D4/Records!E4) -> 2.5966667 | G4: =Records!G4*$E4 -> 2.5966667 | H4: =Records!H4*$E4 -> 0 | I4: =Records!I4*$E4 -> 0 | J4: =Records!J4*$E4 -> 2.5966667 | K4: =Records!K4*$E4 -> 0 | L4: =Records!L4*$E4 -> 2.5966667 | M4: =Records!M4*$E4 -> 0 | N4: =Records!N4*$E4 -> 0 | ... V4: =Records!V4*$E4 -> 2.5966667
B5: =Records!B5 -> 45197 | C5: =Records!$C5 -> Pomax | D5: =SUMIF(Summary!$B$15:$B$31,C5,Summary!$D$15:$D$31) -> 6.4916667 | E5: =if(Records!E5=0,0,D5*Records!D5/Records!E5) -> 2.434375 | G5: =Records!G5*$E5 -> 2.434375 | H5: =Records!H5*$E5 -> 0 | I5: =Records!I5*$E5 -> 2.434375 | J5: =Records!J5*$E5 -> 2.434375 | K5: =Records!K5*$E5 -> 0 | L5: =Records!L5*$E5 -> 2.434375 | M5: =Records!M5*$E5 -> 0 | N5: =Records!N5*$E5 -> 0 | ... V5: =Records!V5*$E5 -> 2.434375
B6: =Records!B6 -> 45200 | C6: =Records!$C6 -> Pomax | D6: =SUMIF(Summary!$B$15:$B$31,C6,Summary!$D$15:$D$31) -> 6.4916667 | E6: =if(Records!E6=0,0,D6*Records!D6/Records!E6) -> 2.3606061 | G6: =Records!G6*$E6 -> 2.3606061 | H6: =Records!H6*$E6 -> 2.3606061 | I6: =Records!I6*$E6 -> 2.3606061 | J6: =Records!J6*$E6 -> 2.3606061 | K6: =Records!K6*$E6 -> 2.3606061 | L6: =Records!L6*$E6 -> 0 | M6: =Records!M6*$E6 -> 2.3606061 | N6: =Records!N6*$E6 -> 2.3606061 | ... V6: =Records!V6*$E6 -> 0
B7: =Records!B7 -> 45207 | C7: =Records!$C7 -> Pomax | D7: =SUMIF(Summary!$B$15:$B$31,C7,Summary!$D$15:$D$31) -> 6.4916667 | E7: =if(Records!E7=0,0,D7*Records!D7/Records!E7) -> 2.1638889 | G7: =Records!G7*$E7 -> 2.1638889 | H7: =Records!H7*$E7 -> 2.1638889 | I7: =Records!I7*$E7 -> 2.1638889 | J7: =Records!J7*$E7 -> 2.1638889 | K7: =Records!K7*$E7 -> 2.1638889 | L7: =Records!L7*$E7 -> 0 | M7: =Records!M7*$E7 -> 0 | N7: =Records!N7*$E7 -> 0 | ... V7: =Records!V7*$E7 -> 0
B8: =Records!B8 -> 45219 | C8: =Records!$C8 -> Pomax | D8: =SUMIF(Summary!$B$15:$B$31,C8,Summary!$D$15:$D$31) -> 6.4916667 | E8: =if(Records!E8=0,0,D8*Records!D8/Records!E8) -> 6.4916667 | G8: =Records!G8*$E8 -> 6.4916667 | H8: =Records!H8*$E8 -> 0 | I8: =Records!I8*$E8 -> 0 | J8: =Records!J8*$E8 -> 0 | K8: =Records!K8*$E8 -> 0 | L8: =Records!L8*$E8 -> 0 | M8: =Records!M8*$E8 -> 0 | N8: =Records!N8*$E8 -> 0 | ... V8: =Records!V8*$E8 -> 0
B9: =Records!B9 -> 45221 | C9: =Records!$C9 -> Pomax 2 | D9: =SUMIF(Summary!$B$15:$B$31,C9,Summary!$D$15:$D$31) -> 6.5341667 | E9: =if(Records!E9=0,0,D9*Records!D9/Records!E9) -> 3.6300926 | G9: =Records!G9*$E9 -> 3.6300926 | H9: =Records!H9*$E9 -> 3.6300926 | I9: =Records!I9*$E9 -> 0 | J9: =Records!J9*$E9 -> 3.6300926 | K9: =Records!K9*$E9 -> 3.6300926 | L9: =Records!L9*$E9 -> 0 | M9: =Records!M9*$E9 -> 0 | N9: =Records!N9*$E9 -> 3.6300926 | ... V9: =Records!V9*$E9 -> 0
B10: =Records!B10 -> 45228 | C10: =Records!$C10 -> Pomax 2 | D10: =SUMIF(Summary!$B$15:$B$31,C10,Summary!$D$15:$D$31) -> 6.5341667 | E10: =if(Records!E10=0,0,D10*Records!D10/Records!E10) -> 2.9040741 | G10: =Records!G10*$E10 -> 2.9040741 | H10: =Records!H10*$E10 -> 2.9040741 | I10: =Records!I10*$E10 -> 2.9040741 | J10: =Records!J10*$E10 -> 2.9040741 | K10: =Records!K10*$E10 -> 2.9040741 | L10: =Records!L10*$E10 -> 2.9040741 | M10: =Records!M10*$E10 -> 0 | N10: =Records!N10*$E10 -> 0 | ... V10: =Records!V10*$E10 -> 0
B11: =Records!B11 -> 45235 | C11: =Records!$C11 -> Pomax 2 | D11: =SUMIF(Summary!$B$15:$B$31,C11,Summary!$D$15:$D$31) -> 6.5341667 | E11: =if(Records!E11=0,0,D11*Records!D11/Records!E11) -> 1.96025 | G11: =Records!G11*$E11 -> 1.96025 | H11: =Records!H11*$E11 -> 1.96025 | I11: =Records!I11*$E11 -> 1.96025 | J11: =Records!J11*$E11 -> 1.96025 | K11: =Records!K11*$E11 -> 1.96025 | L11: =Records!L11*$E11 -> 1.96025 | M11: =Records!M11*$E11 -> 1.96025 | N11: =Records!N11*$E11 -> 0 | ... V11: =Records!V11*$E11 -> 0
B12: =Records!B12 -> 45629 | C12: =Records!$C12 -> DimG | D12: =SUMIF(Summary!$B$15:$B$31,C12,Summary!$D$15:$D$31) -> 7.1666667 | E12: =if(Records!E12=0,0,D12*Records!D12/Records!E12) -> 3.0714286 | G12: =Records!G12*$E12 -> 3.0714286 | H12: =Records!H12*$E12 -> 0 | I12: =Records!I12*$E12 -> 0 | J12: =Records!J12*$E12 -> 3.0714286 | K12: =Records!K12*$E12 -> 3.0714286 | L12: =Records!L12*$E12 -> 3.0714286 | M12: =Records!M12*$E12 -> 0 | N12: =Records!N12*$E12 -> 0 | ... V12: =Records!V12*$E12 -> 3.0714286
B13: =Records!B13 -> 45270 | C13: =Records!$C13 -> DimG | D13: =SUMIF(Summary!$B$15:$B$31,C13,Summary!$D$15:$D$31) -> 7.1666667 | E13: =if(Records!E13=0,0,D13*Records!D13/Records!E13) -> 3.5833333 | G13: =Records!G13*$E13 -> 3.5833333 | H13: =Records!H13*$E13 -> 3.5833333 | I13: =Records!I13*$E13 -> 3.5833333 | J13: =Records!J13*$E13 -> 3.5833333 | K13: =Records!K13*$E13 -> 3.5833333 | L13: =Records!L13*$E13 -> 3.5833333 | M13: =Records!M13*$E13 -> 0 | N13: =Records!N13*$E13 -> 0 | ... V13: =Records!V13*$E13 -> 0
B14: =Records!B14 -> 45277 | C14: =Records!$C14 -> DimG | D14: =SUMIF(Summary!$B$15:$B$31,C14,Summary!$D$15:$D$31) -> 7.1666667 | E14: =if(Records!E14=0,0,D14*Records!D14/Records!E14) -> 3.5833333 | G14: =Records!G14*$E14 -> 3.5833333 | H14: =Records!H14*$E14 -> 3.5833333 | I14: =Records!I14*$E14 -> 3.5833333 | J14: =Records!J14*$E14 -> 3.5833333 | K14: =Records!K14*$E14 -> 3.5833333 | L14: =Records!L14*$E14 -> 0 | M14: =Records!M14*$E14 -> 0 | N14: =Records!N14*$E14 -> 0 | ... V14: =Records!V14*$E14 -> 0
B15: =Records!B15 -> 45283 | C15: =Records!$C15 -> DimG | D15: =SUMIF(Summary!$B$15:$B$31,C15,Summary!$D$15:$D$31) -> 7.1666667 | E15: =if(Records!E15=0,0,D15*Records!D15/Records!E15) -> 3.0714286 | G15: =Records!G15*$E15 -> 3.0714286 | H15: =Records!H15*$E15 -> 3.0714286 | I15: =Records!I15*$E15 -> 3.0714286 | J15: =Records!J15*$E15 -> 3.0714286 | K15: =Records!K15*$E15 -> 3.0714286 | L15: =Records!L15*$E15 -> 3.0714286 | M15: =Records!M15*$E15 -> 0 | N15: =Records!N15*$E15 -> 0 | ... V15: =Records!V15*$E15 -> 0
... B62: =Records!B62 -> 45480 | C62: =Records!$C62 -> RSL S3 | D62: =SUMIF(Summary!$B$15:$B$31,C62,Summary!$D$15:$D$31) -> 7.1558333 | E62: =if(Records!E62=0,0,D62*Records!D62/Records!E62) -> 2.14675 | G62: =Records!G62*$E62 -> 2.14675 | H62: =Records!H62*$E62 -> 2.14675 | I62: =Records!I62*$E62 -> 0 | J62: =Records!J62*$E62 -> 2.14675 | K62: =Records!K62*$E62 -> 2.14675 | L62: =Records!L62*$E62 -> 2.14675 | M62: =Records!M62*$E62 -> 2.14675 | N62: =Records!N62*$E62 -> 0 | ... V62: =Records!V62*$E62 -> 2.14675
B63: =Records!B63 -> 45480 | C63: =Records!$C63 -> RSL S4 | D63: =SUMIF(Summary!$B$15:$B1000,C63,Summary!$D$15:$D1000) -> 7.1558333 | E63: =if(Records!E63=0,0,D63*Records!D63/Records!E63) -> 2.14675 | G63: =Records!G63*$E63 -> 2.14675 | H63: =Records!H63*$E63 -> 2.14675 | I63: =Records!I63*$E63 -> 0 | J63: =Records!J63*$E63 -> 2.14675 | K63: =Records!K63*$E63 -> 2.14675 | L63: =Records!L63*$E63 -> 2.14675 | M63: =Records!M63*$E63 -> 2.14675 | N63: =Records!N63*$E63 -> 0 | ... V63: =Records!V63*$E63 -> 2.14675
B64: =Records!B64 -> 45494 | C64: =Records!$C64 -> LM Orange | D64: =SUMIF(Summary!$B$15:$B1000,C64,Summary!$D$15:$D1000) -> 7.3216667 | E64: =if(Records!E64=0,0,D64*Records!D64/Records!E64) -> 3.6608333 | G64: =Records!G64*$E64 -> 3.6608333 | H64: =Records!H64*$E64 -> 3.6608333 | I64: =Records!I64*$E64 -> 0 | J64: =Records!J64*$E64 -> 3.6608333 | K64: =Records!K64*$E64 -> 3.6608333 | L64: =Records!L64*$E64 -> 7.3216667 | M64: =Records!M64*$E64 -> 0 | N64: =Records!N64*$E64 -> 0 | ... V64: =Records!V64*$E64 -> 3.6608333
B65: =Records!B65 -> 45600 | C65: =Records!$C65 -> LM DG | D65: =SUMIF(Summary!$B$15:$B1000,C65,Summary!$D$15:$D1000) -> 7.3216667 | E65: =if(Records!E65=0,0,D65*Records!D65/Records!E65) -> 3.1378571 | G65: =Records!G65*$E65 -> 3.1378571 | H65: =Records!H65*$E65 -> 3.1378571 | I65: =Records!I65*$E65 -> 0 | J65: =Records!J65*$E65 -> 0 | K65: =Records!K65*$E65 -> 3.1378571 | L65: =Records!L65*$E65 -> 3.1378571 | M65: =Records!M65*$E65 -> 0 | N65: =Records!N65*$E65 -> 0 | ... V65: =Records!V65*$E65 -> 3.1378571
B66: =Records!B66 -> 45515 | C66: =Records!$C66 -> LM DG | D66: =SUMIF(Summary!$B$15:$B1000,C66,Summary!$D$15:$D1000) -> 7.3216667 | E66: =if(Records!E66=0,0,D66*Records!D66/Records!E66) -> 3.9936364 | G66: =Records!G66*$E66 -> 15.974545 | H66: =Records!H66*$E66 -> 3.9936364 | I66: =Records!I66*$E66 -> 0 | J66: =Records!J66*$E66 -> 3.9936364 | K66: =Records!K66*$E66 -> 3.9936364 | L66: =Records!L66*$E66 -> 7.9872727 | M66: =Records!M66*$E66 -> 0 | N66: =Records!N66*$E66 -> 0 | ... V66: =Records!V66*$E66 -> 3.9936364
B67: =Records!B67 -> 45501 | C67: =Records!$C67 -> LM Orange | D67: =SUMIF(Summary!$B$15:$B1000,C67,Summary!$D$15:$D1000) -> 7.3216667 | E67: =if(Records!E67=0,0,D67*Records!D67/Records!E67) -> 5.1251667 | G67: =Records!G67*$E67 -> 5.1251667 | H67: =Records!H67*$E67 -> 5.1251667 | I67: =Records!I67*$E67 -> 0 | J67: =Records!J67*$E67 -> 5.1251667 | K67: =Records!K67*$E67 -> 5.1251667 | L67: =Records!L67*$E67 -> 5.1251667 | M67: =Records!M67*$E67 -> 0 | N67: =Records!N67*$E67 -> 0 | ... V67: =Records!V67*$E67 -> 5.1251667
B68: =Records!B68 -> 45522 | C68: =Records!$C68 -> LM Black | D68: =SUMIF(Summary!$B$15:$B1000,C68,Summary!$D$15:$D1000) -> 8.0716667 | E68: =if(Records!E68=0,0,D68*Records!D68/Records!E68) -> 7.0627083 | G68: =Records!G68*$E68 -> 7.0627083 | H68: =Records!H68*$E68 -> 0 | I68: =Records!I68*$E68 -> 7.0627083 | J68: =Records!J68*$E68 -> 7.0627083 | K68: =Records!K68*$E68 -> 7.0627083 | L68: =Records!L68*$E68 -> 7.0627083 | M68: =Records!M68*$E68 -> 0 | N68: =Records!N68*$E68 -> 0 | ... V68: =Records!V68*$E68 -> 7.0627083
B69: =Records!B69 -> 45529 | C69: =Records!$C69 -> LM DG | D69: =SUMIF(Summary!$B$15:$B1000,C69,Summary!$D$15:$D1000) -> 7.3216667 | E69: =if(Records!E69=0,0,D69*Records!D69/Records!E69) -> 2.745625 | G69: =Records!G69*$E69 -> 5.49125 | H69: =Records!H69*$E69 -> 0 | I69: =Records!I69*$E69 -> 0 | J69: =Records!J69*$E69 -> 2.745625 | K69: =Records!K69*$E69 -> 2.745625 | L69: =Records!L69*$E69 -> 0 | M69: =Records!M69*$E69 -> 0 | N69: =Records!N69*$E69 -> 0 | ... V69: =Records!V69*$E69 -> 2.745625
B70: =Records!B70 -> 45529 | C70: =Records!$C70 -> RSL S4 | D70: =SUMIF(Summary!$B$15:$B1000,C70,Summary!$D$15:$D1000) -> 7.1558333 | E70: =if(Records!E70=0,0,D70*Records!D70/Records!E70) -> 0.89447917 | G70: =Records!G70*$E70 -> 1.7889583 | H70: =Records!H70*$E70 -> 0 | I70: =Records!I70*$E70 -> 0 | J70: =Records!J70*$E70 -> 0.89447917 | K70: =Records!K70*$E70 -> 0.89447917 | L70: =Records!L70*$E70 -> 0 | M70: =Records!M70*$E70 -> 0 | N70: =Records!N70*$E70 -> 0 | ... V70: =Records!V70*$E70 -> 0.89447917
B71: =Records!B71 -> 45529 | C71: =Records!$C71 -> RCL T | D71: =SUMIF(Summary!$B$15:$B1000,C71,Summary!$D$15:$D1000) -> 5 | E71: =if(Records!E71=0,0,D71*Records!D71/Records!E71) -> 1.875 | G71: =Records!G71*$E71 -> 3.75 | H71: =Records!H71*$E71 -> 0 | I71: =Records!I71*$E71 -> 0 | J71: =Records!J71*$E71 -> 1.875 | K71: =Records!K71*$E71 -> 1.875 | L71: =Records!L71*$E71 -> 0 | M71: =Records!M71*$E71 -> 0 | N71: =Records!N71*$E71 -> 0 | ... V71: =Records!V71*$E71 -> 1.875
B72: =Records!B72 -> 45535 | C72: =Records!$C72 -> RCL BG | D72: =SUMIF(Summary!$B$15:$B1000,C72,Summary!$D$15:$D1000) -> 8.0083333 | E72: =if(Records!E72=0,0,D72*Records!D72/Records!E72) -> 16.016667 | G72: =Records!G72*$E72 -> 16.016667 | H72: =Records!H72*$E72 -> 0 | I72: =Records!I72*$E72 -> 0 | J72: =Records!J72*$E72 -> 0 | K72: =Records!K72*$E72 -> 0 | L72: =Records!L72*$E72 -> 0 | M72: =Records!M72*$E72 -> 0 | N72: =Records!N72*$E72 -> 0 | ... V72: =Records!V72*$E72 -> 0
B73: =Records!B73 -> 45543 | C73: =Records!$C73 -> RCL BG | D73: =SUMIF(Summary!$B$15:$B1000,C73,Summary!$D$15:$D1000) -> 8.0083333 | E73: =if(Records!E73=0,0,D73*Records!D73/Records!E73) -> 4.4490741 | G73: =Records!G73*$E73 -> 4.4490741 | H73: =Records!H73*$E73 -> 4.4490741 | I73: =Records!I73*$E73 -> 0 | J73: =Records!J73*$E73 -> 4.4490741 | K73: =Records!K73*$E73 -> 4.4490741 | L73: =Records!L73*$E73 -> 4.4490741 | M73: =Records!M73*$E73 -> 0 | N73: =Records!N73*$E73 -> 0 | ... V73: =Records!V73*$E73 -> 4.4490741
B74: =Records!B74 -> 45557 | C74: =Records!$C74 -> RCL BG2 | D74: =SUMIF(Summary!$B$15:$B1000,C74,Summary!$D$15:$D1000) -> 8.0083333 | E74: =if(Records!E74=0,0,D74*Records!D74/Records!E74) -> 2.6694444 | G74: =Records!G74*$E74 -> 2.6694444 | H74: =Records!H74*$E74 -> 0 | I74: =Records!I74*$E74 -> 0 | J74: =Records!J74*$E74 -> 2.6694444 | K74: =Records!K74*$E74 -> 2.6694444 | L74: =Records!L74*$E74 -> 2.6694444 | M74: =Records!M74*$E74 -> 0 | N74: =Records!N74*$E74 -> 2.6694444 | ... V74: =Records!V74*$E74 -> 2.6694444
B75: =Records!B75 -> 45564 | C75: =Records!$C75 -> RCL T | D75: =SUMIF(Summary!$B$15:$B1000,C75,Summary!$D$15:$D1000) -> 5 | E75: =if(Records!E75=0,0,D75*Records!D75/Records!E75) -> 0.55555556 | G75: =Records!G75*$E75 -> 0.55555556 | H75: =Records!H75*$E75 -> 0.55555556 | I75: =Records!I75*$E75 -> 0 | J75: =Records!J75*$E75 -> 0.55555556 | K75: =Records!K75*$E75 -> 0.55555556 | L75: =Records!L75*$E75 -> 0.55555556 | M75: =Records!M75*$E75 -> 0 | N75: =Records!N75*$E75 -> 0 | ... V75: =Records!V75*$E75 -> 0
B76: =Records!B76 -> 45564 | C76: =Records!$C76 -> LM Black | D76: =SUMIF(Summary!$B$15:$B1000,C76,Summary!$D$15:$D1000) -> 8.0716667 | E76: =if(Records!E76=0,0,D76*Records!D76/Records!E76) -> 0.89685185 | G76: =Records!G76*$E76 -> 0.89685185 | H76: =Records!H76*$E76 -> 0.89685185 | I76: =Records!I76*$E76 -> 0 | J76: =Records!J76*$E76 -> 0.89685185 | K76: =Records!K76*$E76 -> 0.89685185 | L76: =Records!L76*$E76 -> 0.89685185 | M76: =Records!M76*$E76 -> 0 | N76: =Records!N76*$E76 -> 0 | ... V76: =Records!V76*$E76 -> 0
B77: =Records!B77 -> 45564 | C77: =Records!$C77 -> RCL BG | D77: =SUMIF(Summary!$B$15:$B1000,C77,Summary!$D$15:$D1000) -> 8.0083333 | E77: =if(Records!E77=0,0,D77*Records!D77/Records!E77) -> 4.4490741 | G77: =Records!G77*$E77 -> 4.4490741 | H77: =Records!H77*$E77 -> 4.4490741 | I77: =Records!I77*$E77 -> 0 | J77: =Records!J77*$E77 -> 4.4490741 | K77: =Records!K77*$E77 -> 4.4490741 | L77: =Records!L77*$E77 -> 4.4490741 | M77: =Records!M77*$E77 -> 0 | N77: =Records!N77*$E77 -> 0 | ... V77: =Records!V77*$E77 -> 0
B78: =Records!B78 -> 45571 | C78: =Records!$C78 -> RCL BG2 | D78: =SUMIF(Summary!$B$15:$B1000,C78,Summary!$D$15:$D1000) -> 8.0083333 | E78: =if(Records!E78=0,0,D78*Records!D78/Records!E78) -> 3.5592593 | G78: =Records!G78*$E78 -> 3.5592593 | H78: =Records!H78*$E78 -> 3.5592593 | I78: =Records!I78*$E78 -> 0 | J78: =Records!J78*$E78 -> 3.5592593 | K78: =Records!K78*$E78 -> 3.5592593 | L78: =Records!L78*$E78 -> 3.5592593 | M78: =Records!M78*$E78 -> 0 | N78: =Records!N78*$E78 -> 0 | ... V78: =Records!V78*$E78 -> 3.5592593
B79: =Records!B79 -> 45578 | C79: =Records!$C79 -> RCL BG2 | D79: =SUMIF(Summary!$B$15:$B1000,C79,Summary!$D$15:$D1000) -> 8.0083333 | E79: =if(Records!E79=0,0,D79*Records!D79/Records!E79) -> 5.0052083 | G79: =Records!G79*$E79 -> 10.010417 | H79: =Records!H79*$E79 -> 0 | I79: =Records!I79*$E79 -> 0 | J79: =Records!J79*$E79 -> 5.0052083 | K79: =Records!K79*$E79 -> 5.0052083 | L79: =Records!L79*$E79 -> 0 | M79: =Records!M79*$E79 -> 0 | N79: =Records!N79*$E79 -> 0 | ... V79: =Records!V79*$E79 -> 0
B80: =Records!B80 -> 45578 | C80: =Records!$C80 -> LM Black | D80: =SUMIF(Summary!$B$15:$B1000,C80,Summary!$D$15:$D1000) -> 8.0716667 | E80: =if(Records!E80=0,0,D80*Records!D80/Records!E80) -> 1.0089583 | G80: =Records!G80*$E80 -> 2.0179167 | H80: =Records!H80*$E80 -> 0 | I80: =Records!I80*$E80 -> 0 | J80: =Records!J80*$E80 -> 1.0089583 | K80: =Records!K80*$E80 -> 1.0089583 | L80: =Records!L80*$E80 -> 0 | M80: =Records!M80*$E80 -> 0 | N80: =Records!N80*$E80 -> 0 | ... V80: =Records!V80*$E80 -> 0
B81: =Records!B81 -> 45585 | C81: =Records!$C81 -> LM DG2 | D81: =SUMIF(Summary!$B$15:$B1000,C81,Summary!$D$15:$D1000) -> 8.1325 | E81: =if(Records!E81=0,0,D81*Records!D81/Records!E81) -> 4.06625 | G81: =Records!G81*$E81 -> 4.06625 | H81: =Records!H81*$E81 -> 4.06625 | I81: =Records!I81*$E81 -> 0 | J81: =Records!J81*$E81 -> 4.06625 | K81: =Records!K81*$E81 -> 4.06625 | L81: =Records!L81*$E81 -> 0 | M81: =Records!M81*$E81 -> 0 | N81: =Records!N81*$E81 -> 0 | ... V81: =Records!V81*$E81 -> 0
B82: =Records!B82 -> 45599 | C82: =Records!$C82 -> LM DG2 | D82: =SUMIF(Summary!$B$15:$B1000,C82,Summary!$D$15:$D1000) -> 8.1325 | E82: =if(Records!E82=0,0,D82*Records!D82/Records!E82) -> 2.033125 | G82: =Records!G82*$E82 -> 4.06625 | H82: =Records!H82*$E82 -> 2.033125 | I82: =Records!I82*$E82 -> 0 | J82: =Records!J82*$E82 -> 2.033125 | K82: =Records!K82*$E82 -> 2.033125 | L82: =Records!L82*$E82 -> 0 | M82: =Records!M82*$E82 -> 2.033125 | N82: =Records!N82*$E82 -> 0 | ... V82: =Records!V82*$E82 -> 0
B83: =Records!B83 -> 45599 | C83: =Records!$C83 -> LM Black | D83: =SUMIF(Summary!$B$15:$B1000,C83,Summary!$D$15:$D1000) -> 8.0716667 | E83: =if(Records!E83=0,0,D83*Records!D83/Records!E83) -> 3.026875 | G83: =Records!G83*$E83 -> 6.05375 | H83: =Records!H83*$E83 -> 3.026875 | I83: =Records!I83*$E83 -> 0 | J83: =Records!J83*$E83 -> 3.026875 | K83: =Records!K83*$E83 -> 3.026875 | L83: =Records!L83*$E83 -> 0 | M83: =Records!M83*$E83 -> 3.026875 | N83: =Records!N83*$E83 -> 0 | ... V83: =Records!V83*$E83 -> 0
B84: =Records!B84 -> 45606 | C84: =Records!$C84 -> RSL S5 | D84: =SUMIF(Summary!$B$15:$B1000,C84,Summary!$D$15:$D1000) -> 8.2308333 | E84: =if(Records!E84=0,0,D84*Records!D84/Records!E84) -> 3.2923333 | G84: =Records!G84*$E84 -> 3.2923333 | H84: =Records!H84*$E84 -> 3.2923333 | I84: =Records!I84*$E84 -> 0 | J84: =Records!J84*$E84 -> 3.2923333 | K84: =Records!K84*$E84 -> 3.2923333 | L84: =Records!L84*$E84 -> 3.2923333 | M84: =Records!M84*$E84 -> 3.2923333 | N84: =Records!N84*$E84 -> 0 | ... V84: =Records!V84*$E84 -> 3.2923333
B85: =Records!B85 -> 45620 | C85: =Records!$C85 -> RSL S5 | D85: =SUMIF(Summary!$B$15:$B1000,C85,Summary!$D$15:$D1000) -> 8.2308333 | E85: =if(Records!E85=0,0,D85*Records!D85/Records!E85) -> 5.1442708 | G85: =Records!G85*$E85 -> 5.1442708 | H85: =Records!H85*$E85 -> 5.1442708 | I85: =Records!I85*$E85 -> 0 | J85: =Records!J85*$E85 -> 0 | K85: =Records!K85*$E85 -> 5.1442708 | L85: =Records!L85*$E85 -> 5.1442708 | M85: =Records!M85*$E85 -> 5.1442708 | N85: =Records!N85*$E85 -> 0 | ... V85: =Records!V85*$E85 -> 0
B86: =Records!B86 -> 45626 | C86: =Records!$C86 -> RSL S5 | D86: =SUMIF(Summary!$B$15:$B1000,C86,Summary!$D$15:$D1000) -> 8.2308333 | E86: =if(Records!E86=0,0,D86*Records!D86/Records!E86) -> 2.46925 | G86: =Records!G86*$E86 -> 2.46925 | H86: =Records!H86*$E86 -> 2.46925 | I86: =Records!I86*$E86 -> 0 | J86: =Records!J86*$E86 -> 2.46925 | K86: =Records!K86*$E86 -> 2.46925 | L86: =Records!L86*$E86 -> 2.46925 | M86: =Records!M86*$E86 -> 0 | N86: =Records!N86*$E86 -> 0 | ... V86: =Records!V86*$E86 -> 2.46925
B87: =Records!B87 -> 45626 | C87: =Records!$C87 -> LM DG2 | D87: =SUMIF(Summary!$B$15:$B1000,C87,Summary!$D$15:$D1000) -> 8.1325 | E87: =if(Records!E87=0,0,D87*Records!D87/Records!E87) -> 3.253 | G87: =Records!G87*$E87 -> 3.253 | H87: =Records!H87*$E87 -> 3.253 | I87: =Records!I87*$E87 -> 0 | J87: =Records!J87*$E87 -> 3.253 | K87: =Records!K87*$E87 -> 3.253 | L87: =Records!L87*$E87 -> 3.253 | M87: =Records!M87*$E87 -> 0 | N87: =Records!N87*$E87 -> 0 | ... V87: =Records!V87*$E87 -> 3.253
B88: =Records!B88 -> 45633 | C88: =Records!$C88 -> RSL S6 | D88: =SUMIF(Summary!$B$15:$B1000,C88,Summary!$D$15:$D1000) -> 8.2308333 | E88: =if(Records!E88=0,0,D88*Records!D88/Records!E88) -> 6.173125 | G88: =Records!G88*$E88 -> 6.173125 | H88: =Records!H88*$E88 -> 0 | I88: =Records!I88*$E88 -> 0 | J88: =Records!J88*$E88 -> 6.173125 | K88: =Records!K88*$E88 -> 6.173125 | L88: =Records!L88*$E88 -> 6.173125 | M88: =Records!M88*$E88 -> 0 | N88: =Records!N88*$E88 -> 0 | ... V88: =Records!V88*$E88 -> 0
B89: =Records!B89 -> 45641 | C89: =Records!$C89 -> RSL S7 | D89: =SUMIF(Summary!$B$15:$B1000,C89,Summary!$D$15:$D1000) -> 8.4583333 | E89: =if(Records!E89=0,0,D89*Records!D89/Records!E89) -> 6.34375 | G89: =Records!G89*$E89 -> 6.34375 | H89: =Records!H89*$E89 -> 6.34375 | I89: =Records!I89*$E89 -> 0 | J89: =Records!J89*$E89 -> 6.34375 | K89: =Records!K89*$E89 -> 6.34375 | L89: =Records!L89*$E89 -> 6.34375 | M89: =Records!M89*$E89 -> 0 | N89: =Records!N89*$E89 -> 0 | ... V89: =Records!V89*$E89 -> 6.34375
B90: =Records!B90 -> 45648 | C90: =Records!$C90 -> RSL S6 | D90: =SUMIF(Summary!$B$15:$B1000,C90,Summary!$D$15:$D1000) -> 8.2308333 | E90: =if(Records!E90=0,0,D90*Records!D90/Records!E90) -> 4.9385 | G90: =Records!G90*$E90 -> 4.9385 | H90: =Records!H90*$E90 -> 9.877 | I90: =Records!I90*$E90 -> 0 | J90: =Records!J90*$E90 -> 0 | K90: =Records!K90*$E90 -> 4.9385 | L90: =Records!L90*$E90 -> 4.9385 | M90: =Records!M90*$E90 -> 0 | N90: =Records!N90*$E90 -> 0 | ... V90: =Records!V90*$E90 -> 0
B91: =Records!B91 -> 45655 | C91: =Records!$C91 -> LM DG2 | D91: =SUMIF(Summary!$B$15:$B1000,C91,Summary!$D$15:$D1000) -> 8.1325 | E91: =if(Records!E91=0,0,D91*Records!D91/Records!E91) -> 2.43975 | G91: =Records!G91*$E91 -> 4.8795 | H91: =Records!H91*$E91 -> 2.43975 | I91: =Records!I91*$E91 -> 0 | J91: =Records!J91*$E91 -> 0 | K91: =Records!K91*$E91 -> 2.43975 | L91: =Records!L91*$E91 -> 2.43975 | M91: =Records!M91*$E91 -> 0 | N91: =Records!N91*$E91 -> 2.43975 | ... V91: =Records!V91*$E91 -> 2.43975
B92: =Records!B92 -> 45655 | C92: =Records!$C92 -> RSL S7 | D92: =SUMIF(Summary!$B$15:$B1000,C92,Summary!$D$15:$D1000) -> 8.4583333 | E92: =if(Records!E92=0,0,D92*Records!D92/Records!E92) -> 1.6916667 | G92: =Records!G92*$E92 -> 3.3833333 | H92: =Records!H92*$E92 -> 1.6916667 | I92: =Records!I92*$E92 -> 0 | J92: =Records!J92*$E92 -> 0 | K92: =Records!K92*$E92 -> 1.6916667 | L92: =Records!L92*$E92 -> 1.6916667 | M92: =Records!M92*$E92 -> 0 | N92: =Records!N92*$E92 -> 1.6916667 | ... V92: =Records!V92*$E92 -> 1.6916667
B93: =Records!B93 -> 45778 | C93: =Records!$C93 -> RSL S7 | D93: =SUMIF(Summary!$B$15:$B1000,C93,Summary!$D$15:$D1000) -> 8.4583333 | E93: =if(Records!E93=0,0,D93*Records!D93/Records!E93) -> 3.171875 | G93: =Records!G93*$E93 -> 3.171875 | H93: =Records!H93*$E93 -> 3.171875 | I93: =Records!I93*$E93 -> 0 | J93: =Records!J93*$E93 -> 3.171875 | K93: =Records!K93*$E93 -> 0 | L93: =Records!L93*$E93 -> 3.171875 | M93: =Records!M93*$E93 -> 0 | N93: =Records!N93*$E93 -> 0 | ... V93: =Records!V93*$E93 -> 0
B94: =Records!B94 -> 45778 | C94: =Records!$C94 -> RSL S8 | D94: =SUMIF(Summary!$B$15:$B1000,C94,Summary!$D$15:$D1000) -> 8.4583333 | E94: =if(Records!E94=0,0,D94*Records!D94/Records!E94) -> 4.2291667 | G94: =Records!G94*$E94 -> 4.2291667 | H94: =Records!H94*$E94 -> 4.2291667 | I94: =Records!I94*$E94 -> 0 | J94: =Records!J94*$E94 -> 4.2291667 | K94: =Records!K94*$E94 -> 0 | L94: =Records!L94*$E94 -> 4.2291667 | M94: =Records!M94*$E94 -> 0 | N94: =Records!N94*$E94 -> 0 | ... V94: =Records!V94*$E94 -> 0
B95: =Records!B95 -> 45748 | C95: =Records!$C95 -> RSL S7 | D95: =SUMIF(Summary!$B$15:$B1000,C95,Summary!$D$15:$D1000) -> 8.4583333 | E95: =if(Records!E95=0,0,D95*Records!D95/Records!E95) -> 8.4583333 | G95: =Records!G95*$E95 -> 8.4583333 | H95: =Records!H95*$E95 -> 0 | I95: =Records!I95*$E95 -> 0 | J95: =Records!J95*$E95 -> 0 | K95: =Records!K95*$E95 -> 0 | L95: =Records!L95*$E95 -> 0 | M95: =Records!M95*$E95 -> 0 | N95: =Records!N95*$E95 -> 0 | ... V95: =Records!V95*$E95 -> 0
B96: =Records!B96 -> 45669 | C96: =Records!$C96 -> RSL S8 | D96: =SUMIF(Summary!$B$15:$B1000,C96,Summary!$D$15:$D1000) -> 8.4583333 | E96: =if(Records!E96=0,0,D96*Records!D96/Records!E96) -> 6.7666667 | G96: =Records!G96*$E96 -> 6.7666667 | H96: =Records!H96*$E96 -> 0 | I96: =Records!I96*$E96 -> 6.7666667 | J96: =Records!J96*$E96 -> 6.7666667 | K96: =Records!K96*$E96 -> 0 | L96: =Records!L96*$E96 -> 0 | M96: =Records!M96*$E96 -> 0 | N96: =Records!N96*$E96 -> 0 | ... V96: =Records!V96*$E96 -> 0
B97: =Records!B97 -> 45676 | C97: =Records!$C97 -> RSL S9 | D97: =SUMIF(Summary!$B$15:$B1000,C97,Summary!$D$15:$D1000) -> 8.4475 | E97: =if(Records!E97=0,0,D97*Records!D97/Records!E97) -> 5.2796875 | G97: =Records!G97*$E97 -> 5.2796875 | H97: =Records!H97*$E97 -> 5.2796875 | I97: =Records!I97*$E97 -> 0 | J97: =Records!J97*$E97 -> 5.2796875 | K97: =Records!K97*$E97 -> 0 | L97: =Records!L97*$E97 -> 5.2796875 | M97: =Records!M97*$E97 -> 5.2796875 | N97: =Records!N97*$E97 -> 0 | ... V97: =Records!V97*$E97 -> 5.2796875
B98: =Records!B98 -> 45683 | C98: =Records!$C98 -> RSL S8 | D98: =SUMIF(Summary!$B$15:$B1000,C98,Summary!$D$15:$D1000) -> 8.4583333 | E98: =if(Records!E98=0,0,D98*Records!D98/Records!E98) -> 3.0757576 | G98: =Records!G98*$E98 -> 3.0757576 | H98: =Records!H98*$E98 -> 3.0757576 | I98: =Records!I98*$E98 -> 3.0757576 | J98: =Records!J98*$E98 -> 3.0757576 | K98: =Records!K98*$E98 -> 3.0757576 | L98: =Records!L98*$E98 -> 3.0757576 | M98: =Records!M98*$E98 -> 0 | N98: =Records!N98*$E98 -> 3.0757576 | ... V98: =Records!V98*$E98 -> 3.0757576
B99: =Records!B99 -> 45683 | C99: =Records!$C99 -> RSL S9 | D99: =SUMIF(Summary!$B$15:$B1000,C99,Summary!$D$15:$D1000) -> 8.4475 | E99: =if(Records!E99=0,0,D99*Records!D99/Records!E99) -> 1.5359091 | G99: =Records!G99*$E99 -> 1.5359091 | H99: =Records!H99*$E99 -> 1.5359091 | I99: =Records!I99*$E99 -> 1.5359091 | J99: =Records!J99*$E99 -> 1.5359091 | K99: =Records!K99*$E99 -> 1.5359091 | L99: =Records!L99*$E99 -> 1.5359091 | M99: =Records!M99*$E99 -> 0 | N99: =Records!N99*$E99 -> 1.5359091 | ... V99: =Records!V99*$E99 -> 1.5359091
B100: =Records!B100 -> 45688 | C100: =Records!$C100 -> RSL S10 | D100: =SUMIF(Summary!$B$15:$B1000,C100,Summary!$D$15:$D1000) -> 8.4475 | E100: =if(Records!E100=0,0,D100*Records!D100/Records!E100) -> 5.2796875 | G100: =Records!G100*$E100 -> 5.2796875 | H100: =Records!H100*$E100 -> 5.2796875 | I100: =Records!I100*$E100 -> 5.2796875 | J100: =Records!J100*$E100 -> 5.2796875 | K100: =Records!K100*$E100 -> 5.2796875 | L100: =Records!L100*$E100 -> 10.559375 | M100: =Records!M100*$E100 -> 0 | N100: =Records!N100*$E100 -> 0 | ... V100: =Records!V100*$E100 -> 0
B101: =Records!B101 -> 45690 | C101: =Records!$C101 -> RSL S10 | D101: =SUMIF(Summary!$B$15:$B1000,C101,Summary!$D$15:$D1000) -> 8.4475 | E101: =if(Records!E101=0,0,D101*Records!D101/Records!E101) -> 4.22375 | G101: =Records!G101*$E101 -> 4.22375 | H101: =Records!H101*$E101 -> 0 | I101: =Records!I101*$E101 -> 0 | J101: =Records!J101*$E101 -> 4.22375 | K101: =Records!K101*$E101 -> 4.22375 | L101: =Records!L101*$E101 -> 0 | M101: =Records!M101*$E101 -> 4.22375 | N101: =Records!N101*$E101 -> 0 | ... V101: =Records!V101*$E101 -> 0
B102: =Records!B102 -> 45697 | C102: =Records!$C102 -> RSL S9 | D102: =SUMIF(Summary!$B$15:$B1000,C102,Summary!$D$15:$D1000) -> 8.4475 | E102: =if(Records!E102=0,0,D102*Records!D102/Records!E102) -> 4.22375 | G102: =Records!G102*$E102 -> 4.22375 | H102: =Records!H102*$E102 -> 4.22375 | I102: =Records!I102*$E102 -> 0 | J102: =Records!J102*$E102 -> 0 | K102: =Records!K102*$E102 -> 4.22375 | L102: =Records!L102*$E102 -> 4.22375 | M102: =Records!M102*$E102 -> 0 | N102: =Records!N102*$E102 -> 4.22375 | ... V102: =Records!V102*$E102 -> 4.22375
B103: =Records!B103 -> 45697 | C103: =Records!$C103 -> RSL S10 | D103: =SUMIF(Summary!$B$15:$B1000,C103,Summary!$D$15:$D1000) -> 8.4475 | E103: =if(Records!E103=0,0,D103*Records!D103/Records!E103) -> 0.84475 | G103: =Records!G103*$E103 -> 0.84475 | H103: =Records!H103*$E103 -> 0.84475 | I103: =Records!I103*$E103 -> 0 | J103: =Records!J103*$E103 -> 0 | K103: =Records!K103*$E103 -> 0.84475 | L103: =Records!L103*$E103 -> 0.84475 | M103: =Records!M103*$E103 -> 0 | N103: =Records!N103*$E103 -> 0.84475 | ... V103: =Records!V103*$E103 -> 0.84475
B104: =Records!B104 -> 45704 | C104: =Records!$C104 -> RSL S11 | D104: =SUMIF(Summary!$B$15:$B1000,C104,Summary!$D$15:$D1000) -> 8.7391667 | E104: =if(Records!E104=0,0,D104*Records!D104/Records!E104) -> 5.4619792 | G104: =Records!G104*$E104 -> 5.4619792 | H104: =Records!H104*$E104 -> 5.4619792 | I104: =Records!I104*$E104 -> 0 | J104: =Records!J104*$E104 -> 5.4619792 | K104: =Records!K104*$E104 -> 0 | L104: =Records!L104*$E104 -> 5.4619792 | M104: =Records!M104*$E104 -> 0 | N104: =Records!N104*$E104 -> 0 | ... V104: =Records!V104*$E104 -> 5.4619792
B105: =Records!B105 -> 45774 | C105: =Records!$C105 -> RSL S10 | D105: =SUMIF(Summary!$B$15:$B1000,C105,Summary!$D$15:$D1000) -> 8.4475 | E105: =if(Records!E105=0,0,D105*Records!D105/Records!E105) -> 3.1678125 | G105: =Records!G105*$E105 -> 3.1678125 | H105: =Records!H105*$E105 -> 3.1678125 | I105: =Records!I105*$E105 -> 0 | J105: =Records!J105*$E105 -> 3.1678125 | K105: =Records!K105*$E105 -> 3.1678125 | L105: =Records!L105*$E105 -> 3.1678125 | M105: =Records!M105*$E105 -> 0 | N105: =Records!N105*$E105 -> 0 | ... V105: =Records!V105*$E105 -> 3.1678125
B106: =Records!B106 -> 45774 | C106: =Records!$C106 -> RSL S11 | D106: =SUMIF(Summary!$B$15:$B1000,C106,Summary!$D$15:$D1000) -> 8.7391667 | E106: =if(Records!E106=0,0,D106*Records!D106/Records!E106) -> 1.0923958 | G106: =Records!G106*$E106 -> 1.0923958 | H106: =Records!H106*$E106 -> 1.0923958 | I106: =Records!I106*$E106 -> 0 | J106: =Records!J106*$E106 -> 1.0923958 | K106: =Records!K106*$E106 -> 1.0923958 | L106: =Records!L106*$E106 -> 1.0923958 | M106: =Records!M106*$E106 -> 0 | N106: =Records!N106*$E106 -> 0 | ... V106: =Records!V106*$E106 -> 1.0923958
B107: =Records!B107 -> 45781 | C107: =Records!$C107 -> RSL S11 | D107: =SUMIF(Summary!$B$15:$B1000,C107,Summary!$D$15:$D1000) -> 8.7391667 | E107: =if(Records!E107=0,0,D107*Records!D107/Records!E107) -> 5.4619792 | G107: =Records!G107*$E107 -> 5.4619792 | H107: =Records!H107*$E107 -> 5.4619792 | I107: =Records!I107*$E107 -> 0 | J107: =Records!J107*$E107 -> 5.4619792 | K107: =Records!K107*$E107 -> 5.4619792 | L107: =Records!L107*$E107 -> 5.4619792 | M107: =Records!M107*$E107 -> 0 | N107: =Records!N107*$E107 -> 0 | ... V107: =Records!V107*$E107 -> 5.4619792
B108: =Records!B108 -> 45788 | C108: =Records!$C108 -> RSL S11 | D108: =SUMIF(Summary!$B$15:$B1000,C108,Summary!$D$15:$D1000) -> 8.7391667 | E108: =if(Records!E108=0,0,D108*Records!D108/Records!E108) -> 0.87391667 | G108: =Records!G108*$E108 -> 0.87391667 | H108: =Records!H108*$E108 -> 0.87391667 | I108: =Records!I108*$E108 -> 0.87391667 | J108: =Records!J108*$E108 -> 0.87391667 | K108: =Records!K108*$E108 -> 0.87391667 | L108: =Records!L108*$E108 -> 0.87391667 | M108: =Records!M108*$E108 -> 0.87391667 | N108: =Records!N108*$E108 -> 0.87391667 | ... V108: =Records!V108*$E108 -> 0
B109: =Records!B109 -> 45788 | C109: =Records!$C109 -> RSL S12 | D109: =SUMIF(Summary!$B$15:$B1000,C109,Summary!$D$15:$D1000) -> 8.7391667 | E109: =if(Records!E109=0,0,D109*Records!D109/Records!E109) -> 5.2435 | G109: =Records!G109*$E109 -> 5.2435 | H109: =Records!H109*$E109 -> 5.2435 | I109: =Records!I109*$E109 -> 5.2435 | J109: =Records!J109*$E109 -> 5.2435 | K109: =Records!K109*$E109 -> 5.2435 | L109: =Records!L109*$E109 -> 5.2435 | M109: =Records!M109*$E109 -> 5.2435 | N109: =Records!N109*$E109 -> 5.2435 | ... V109: =Records!V109*$E109 -> 0
B110: =Records!B110 -> 45795 | C110: =Records!$C110 -> RSL S12 | D110: =SUMIF(Summary!$B$15:$B1000,C110,Summary!$D$15:$D1000) -> 8.7391667 | E110: =if(Records!E110=0,0,D110*Records!D110/Records!E110) -> 5.4619792 | G110: =Records!G110*$E110 -> 5.4619792 | H110: =Records!H110*$E110 -> 0 | I110: =Records!I110*$E110 -> 0 | J110: =Records!J110*$E110 -> 5.4619792 | K110: =Records!K110*$E110 -> 5.4619792 | L110: =Records!L110*$E110 -> 5.4619792 | M110: =Records!M110*$E110 -> 0 | N110: =Records!N110*$E110 -> 0 | ... V110: =Records!V110*$E110 -> 5.4619792
B111: =Records!B111 -> 45802 | C111: =Records!$C111 -> RSL S12 | D111: =SUMIF(Summary!$B$15:$B1000,C111,Summary!$D$15:$D1000) -> 8.7391667 | E111: =if(Records!E111=0,0,D111*Records!D111/Records!E111) -> 1.4565278 | G111: =Records!G111*$E111 -> 1.4565278 | H111: =Records!H111*$E111 -> 1.4565278 | I111: =Records!I111*$E111 -> 0 | J111: =Records!J111*$E111 -> 1.4565278 | K111: =Records!K111*$E111 -> 1.4565278 | L111: =Records!L111*$E111 -> 1.4565278 | M111: =Records!M111*$E111 -> 0 | N111: =Records!N111*$E111 -> 0 | ... V111: =Records!V111*$E111 -> 0
B112: =Records!B112 -> 45802 | C112: =Records!$C112 -> RSL S13 | D112: =SUMIF(Summary!$B$15:$B1000,C112,Summary!$D$15:$D1000) -> 9.9733333 | E112: =if(Records!E112=0,0,D112*Records!D112/Records!E112) -> 6.6488889 | G112: =Records!G112*$E112 -> 6.6488889 | H112: =Records!H112*$E112 -> 6.6488889 | I112: =Records!I112*$E112 -> 0 | J112: =Records!J112*$E112 -> 6.6488889 | K112: =Records!K112*$E112 -> 6.6488889 | L112: =Records!L112*$E112 -> 6.6488889 | M112: =Records!M112*$E112 -> 0 | N112: =Records!N112*$E112 -> 0 | ... V112: =Records!V112*$E112 -> 0
B113: =Records!B113 -> 45809 | C113: =Records!$C113 -> RSL S14 | D113: =SUMIF(Summary!$B$15:$B1000,C113,Summary!$D$15:$D1000) -> 9.9733333 | E113: =if(Records!E113=0,0,D113*Records!D113/Records!E113) -> 6.6488889 | G113: =Records!G113*$E113 -> 6.6488889 | H113: =Records!H113*$E113 -> 6.6488889 | I113: =Records!I113*$E113 -> 0 | J113: =Records!J113*$E113 -> 6.6488889 | K113: =Records!K113*$E113 -> 0 | L113: =Records!L113*$E113 -> 6.6488889 | M113: =Records!M113*$E113 -> 0 | N113: =Records!N113*$E113 -> 0 | ... V113: =Records!V113*$E113 -> 6.6488889
B114: =Records!B114 -> 45816 | C114: =Records!$C114 -> RSL S13 | D114: =SUMIF(Summary!$B$15:$B1000,C114,Summary!$D$15:$D1000) -> 9.9733333 | E114: =if(Records!E114=0,0,D114*Records!D114/Records!E114) -> 7.48 | G114: =Records!G114*$E114 -> 7.48 | H114: =Records!H114*$E114 -> 7.48 | I114: =Records!I114*$E114 -> 0 | J114: =Records!J114*$E114 -> 7.48 | K114: =Records!K114*$E114 -> 7.48 | L114: =Records!L114*$E114 -> 7.48 | M114: =Records!M114*$E114 -> 0 | N114: =Records!N114*$E114 -> 0 | ... V114: =Records!V114*$E114 -> 7.48
B115: =Records!B115 -> 45830 | C115: =Records!$C115 -> RSL S15 | D115: =SUMIF(Summary!$B$15:$B1000,C115,Summary!$D$15:$D1000) -> 8.8358333 | E115: =if(Records!E115=0,0,D115*Records!D115/Records!E115) -> 7.8540741 | G115: =Records!G115*$E115 -> 7.8540741 | H115: =Records!H115*$E115 -> 7.8540741 | I115: =Records!I115*$E115 -> 7.8540741 | J115: =Records!J115*$E115 -> 7.8540741 | K115: =Records!K115*$E115 -> 7.8540741 | L115: =Records!L115*$E115 -> 0 | M115: =Records!M115*$E115 -> 7.8540741 | N115: =Records!N115*$E115 -> 0 | ... V115: =Records!V115*$E115 -> 0
B116: =Records!B116 -> 45837 | C116: =Records!$C116 -> RSL S13 | D116: =SUMIF(Summary!$B$15:$B1000,C116,Summary!$D$15:$D1000) -> 9.9733333 | E116: =if(Records!E116=0,0,D116*Records!D116/Records!E116) -> 2.4933333 | G116: =Records!G116*$E116 -> 2.4933333 | H116: =Records!H116*$E116 -> 2.4933333 | I116: =Records!I116*$E116 -> 0 | J116: =Records!J116*$E116 -> 0 | K116: =Records!K116*$E116 -> 2.4933333 | L116: =Records!L116*$E116 -> 2.4933333 | M116: =Records!M116*$E116 -> 2.4933333 | N116: =Records!N116*$E116 -> 0 | ... V116: =Records!V116*$E116 -> 0
B117: =Records!B117 -> 45837 | C117: =Records!$C117 -> RSL S14 | D117: =SUMIF(Summary!$B$15:$B1000,C117,Summary!$D$15:$D1000) -> 9.9733333 | E117: =if(Records!E117=0,0,D117*Records!D117/Records!E117) -> 2.4933333 | G117: =Records!G117*$E117 -> 2.4933333 | H117: =Records!H117*$E117 -> 2.4933333 | I117: =Records!I117*$E117 -> 0 | J117: =Records!J117*$E117 -> 0 | K117: =Records!K117*$E117 -> 2.4933333 | L117: =Records!L117*$E117 -> 2.4933333 | M117: =Records!M117*$E117 -> 2.4933333 | N117: =Records!N117*$E117 -> 0 | ... V117: =Records!V117*$E117 -> 0
B118: =Records!B118 -> 45844 | C118: =Records!$C118 -> RSL S15 | D118: =SUMIF(Summary!$B$15:$B1000,C118,Summary!$D$15:$D1000) -> 8.8358333 | E118: =if(Records!E118=0,0,D118*Records!D118/Records!E118) -> 3.7867857 | G118: =Records!G118*$E118 -> 3.7867857 | H118: =Records!H118*$E118 -> 3.7867857 | I118: =Records!I118*$E118 -> 0 | J118: =Records!J118*$E118 -> 3.7867857 | K118: =Records!K118*$E118 -> 3.7867857 | L118: =Records!L118*$E118 -> 3.7867857 | M118: =Records!M118*$E118 -> 0 | N118: =Records!N118*$E118 -> 0 | ... V118: =Records!V118*$E118 -> 0
B119: =Records!B119 -> 45851 | C119: =Records!$C119 -> RCL BS | D119: =SUMIF(Summary!$B$15:$B1000,C119,Summary!$D$15:$D1000) -> 9.625 | E119: =if(Records!E119=0,0,D119*Records!D119/Records!E119) -> 6.015625 | G119: =Records!G119*$E119 -> 6.015625 | H119: =Records!H119*$E119 -> 6.015625 | I119: =Records!I119*$E119 -> 0 | J119: =Records!J119*$E119 -> 6.015625 | K119: =Records!K119*$E119 -> 6.015625 | L119: =Records!L119*$E119 -> 6.015625 | M119: =Records!M119*$E119 -> 0 | N119: =Records!N119*$E119 -> 0 | ... V119: =Records!V119*$E119 -> 6.015625
B120: =Records!B120 -> 45858 | C120: =Records!$C120 -> RCL BS | D120: =SUMIF(Summary!$B$15:$B1000,C120,Summary!$D$15:$D1000) -> 9.625 | E120: =if(Records!E120=0,0,D120*Records!D120/Records!E120) -> 6.4166667 | G120: =Records!G120*$E120 -> 6.4166667 | H120: =Records!H120*$E120 -> 6.4166667 | I120: =Records!I120*$E120 -> 0 | J120: =Records!J120*$E120 -> 6.4166667 | K120: =Records!K120*$E120 -> 6.4166667 | L120: =Records!L120*$E120 -> 6.4166667 | M120: =Records!M120*$E120 -> 0 | N120: =Records!N120*$E120 -> 0 | ... V120: =Records!V120*$E120 -> 0
B121: =Records!B121 -> 45928 | C121: =Records!$C121 -> RSL S17 | D121: =SUMIF(Summary!$B$15:$B1000,C121,Summary!$D$15:$D1000) -> 9.98 | E121: =if(Records!E121=0,0,D121*Records!D121/Records!E121) -> 5.988 | G121: =Records!G121*$E121 -> 5.988 | H121: =Records!H121*$E121 -> 5.988 | I121: =Records!I121*$E121 -> 0 | J121: =Records!J121*$E121 -> 5.988 | K121: =Records!K121*$E121 -> 0 | L121: =Records!L121*$E121 -> 5.988 | M121: =Records!M121*$E121 -> 0 | N121: =Records!N121*$E121 -> 0 | ... V121: =Records!V121*$E121 -> 0
B122: =Records!B122 -> 45935 | C122: =Records!$C122 -> RSL S17 | D122: =SUMIF(Summary!$B$15:$B1000,C122,Summary!$D$15:$D1000) -> 9.98 | E122: =if(Records!E122=0,0,D122*Records!D122/Records!E122) -> 6.2375 | G122: =Records!G122*$E122 -> 12.475 | H122: =Records!H122*$E122 -> 6.2375 | I122: =Records!I122*$E122 -> 0 | J122: =Records!J122*$E122 -> 6.2375 | K122: =Records!K122*$E122 -> 0 | L122: =Records!L122*$E122 -> 6.2375 | M122: =Records!M122*$E122 -> 0 | N122: =Records!N122*$E122 -> 0 | ... V122: =Records!V122*$E122 -> 0
B123: =Records!B123 -> 45942 | C123: =Records!$C123 -> RSL S18 | D123: =SUMIF(Summary!$B$15:$B1000,C123,Summary!$D$15:$D1000) -> 10.7325 | E123: =if(Records!E123=0,0,D123*Records!D123/Records!E123) -> 8.049375 | G123: =Records!G123*$E123 -> 8.049375 | H123: =Records!H123*$E123 -> 8.049375 | I123: =Records!I123*$E123 -> 8.049375 | J123: =Records!J123*$E123 -> 8.049375 | K123: =Records!K123*$E123 -> 0 | L123: =Records!L123*$E123 -> 8.049375 | M123: =Records!M123*$E123 -> 0 | N123: =Records!N123*$E123 -> 0 | ... V123: =Records!V123*$E123 -> 8.049375
B124: =Records!B124 -> 45949 | C124: =Records!$C124 -> RSL S18 | D124: =SUMIF(Summary!$B$15:$B1000,C124,Summary!$D$15:$D1000) -> 10.7325 | E124: =if(Records!E124=0,0,D124*Records!D124/Records!E124) -> 8.586 | G124: =Records!G124*$E124 -> 8.586 | H124: =Records!H124*$E124 -> 8.586 | I124: =Records!I124*$E124 -> 0 | J124: =Records!J124*$E124 -> 8.586 | K124: =Records!K124*$E124 -> 0 | L124: =Records!L124*$E124 -> 8.586 | M124: =Records!M124*$E124 -> 0 | N124: =Records!N124*$E124 -> 0 | ... V124: =Records!V124*$E124 -> 0
B125: =Records!B125 -> 45963 | C125: =Records!$C125 -> RSL S19 | D125: =SUMIF(Summary!$B$15:$B1000,C125,Summary!$D$15:$D1000) -> 9.6858333 | E125: =if(Records!E125=0,0,D125*Records!D125/Records!E125) -> 3.2286111 | G125: =Records!G125*$E125 -> 3.2286111 | H125: =Records!H125*$E125 -> 0 | I125: =Records!I125*$E125 -> 0 | J125: =Records!J125*$E125 -> 3.2286111 | K125: =Records!K125*$E125 -> 3.2286111 | L125: =Records!L125*$E125 -> 3.2286111 | M125: =Records!M125*$E125 -> 0 | N125: =Records!N125*$E125 -> 0 | ... V125: =Records!V125*$E125 -> 0
B126: =Records!B126 -> 46011 | C126: =Records!$C126 -> RSL S19 | D126: =SUMIF(Summary!$B$15:$B1000,C126,Summary!$D$15:$D1000) -> 9.6858333 | E126: =if(Records!E126=0,0,D126*Records!D126/Records!E126) -> 5.5347619 | G126: =Records!G126*$E126 -> 5.5347619 | H126: =Records!H126*$E126 -> 5.5347619 | I126: =Records!I126*$E126 -> 0 | J126: =Records!J126*$E126 -> 5.5347619 | K126: =Records!K126*$E126 -> 5.5347619 | L126: =Records!L126*$E126 -> 5.5347619 | M126: =Records!M126*$E126 -> 0 | N126: =Records!N126*$E126 -> 0 | ... V126: =Records!V126*$E126 -> 0
B127: =Records!B127 -> 46019 | C127: =Records!$C127 -> RSL S17 | D127: =SUMIF(Summary!$B$15:$B1000,C127,Summary!$D$15:$D1000) -> 9.98 | E127: =if(Records!E127=0,0,D127*Records!D127/Records!E127) -> 3.992 | G127: =Records!G127*$E127 -> 3.992 | H127: =Records!H127*$E127 -> 3.992 | I127: =Records!I127*$E127 -> 7.984 | J127: =Records!J127*$E127 -> 3.992 | K127: =Records!K127*$E127 -> 3.992 | L127: =Records!L127*$E127 -> 3.992 | M127: =Records!M127*$E127 -> 3.992 | N127: =Records!N127*$E127 -> 0 | ... V127: =Records!V127*$E127 -> 0
B128: =Records!B128 -> 46019 | C128: =Records!$C128 -> RSL S18 | D128: =SUMIF(Summary!$B$15:$B1000,C128,Summary!$D$15:$D1000) -> 10.7325 | E128: =if(Records!E128=0,0,D128*Records!D128/Records!E128) -> 1.07325 | G128: =Records!G128*$E128 -> 1.07325 | H128: =Records!H128*$E128 -> 1.07325 | I128: =Records!I128*$E128 -> 2.1465 | J128: =Records!J128*$E128 -> 1.07325 | K128: =Records!K128*$E128 -> 1.07325 | L128: =Records!L128*$E128 -> 1.07325 | M128: =Records!M128*$E128 -> 1.07325 | N128: =Records!N128*$E128 -> 0 | ... V128: =Records!V128*$E128 -> 0
B129: =Records!B129 -> 46040 | C129: =Records!$C129 -> RSL S19 | D129: =SUMIF(Summary!$B$15:$B1000,C129,Summary!$D$15:$D1000) -> 9.6858333 | E129: =if(Records!E129=0,0,D129*Records!D129/Records!E129) -> 9.6858333 | G129: =Records!G129*$E129 -> 9.6858333 | H129: =Records!H129*$E129 -> 0 | I129: =Records!I129*$E129 -> 0 | J129: =Records!J129*$E129 -> 0 | K129: =Records!K129*$E129 -> 9.6858333 | L129: =Records!L129*$E129 -> 9.6858333 | M129: =Records!M129*$E129 -> 9.6858333 | N129: =Records!N129*$E129 -> 0 | ... V129: =Records!V129*$E129 -> 9.6858333
B130: =Records!B130 -> 46047 | C130: =Records!$C130 -> RSL S20 | D130: =SUMIF(Summary!$B$15:$B1000,C130,Summary!$D$15:$D1000) -> 9.6858333 | E130: =if(Records!E130=0,0,D130*Records!D130/Records!E130) -> 3.8743333 | G130: =Records!G130*$E130 -> 3.8743333 | H130: =Records!H130*$E130 -> 0 | I130: =Records!I130*$E130 -> 0 | J130: =Records!J130*$E130 -> 3.8743333 | K130: =Records!K130*$E130 -> 3.8743333 | L130: =Records!L130*$E130 -> 0 | M130: =Records!M130*$E130 -> 0 | N130: =Records!N130*$E130 -> 0 | ... V130: =Records!V130*$E130 -> 0
B131: =Records!B131 -> 45682 | C131: =Records!$C131 -> RSL S18 | D131: =SUMIF(Summary!$B$15:$B1000,C131,Summary!$D$15:$D1000) -> 10.7325 | E131: =if(Records!E131=0,0,D131*Records!D131/Records!E131) -> 2.1465 | G131: =Records!G131*$E131 -> 2.1465 | H131: =Records!H131*$E131 -> 0 | I131: =Records!I131*$E131 -> 0 | J131: =Records!J131*$E131 -> 2.1465 | K131: =Records!K131*$E131 -> 2.1465 | L131: =Records!L131*$E131 -> 0 | M131: =Records!M131*$E131 -> 0 | N131: =Records!N131*$E131 -> 0 | ... V131: =Records!V131*$E131 -> 0
B132: =Records!B132 -> 46054 | C132: =Records!$C132 -> RSL S21 | D132: =SUMIF(Summary!$B$15:$B1000,C132,Summary!$D$15:$D1000) -> 10.580417 | E132: =if(Records!E132=0,0,D132*Records!D132/Records!E132) -> 5.2902083 | G132: =Records!G132*$E132 -> 5.2902083 | H132: =Records!H132*$E132 -> 5.2902083 | I132: =Records!I132*$E132 -> 0 | J132: =Records!J132*$E132 -> 5.2902083 | K132: =Records!K132*$E132 -> 5.2902083 | L132: =Records!L132*$E132 -> 5.2902083 | M132: =Records!M132*$E132 -> 0 | N132: =Records!N132*$E132 -> 0 | ... V132: =Records!V132*$E132 -> 0
B133: =Records!B133 -> 46054 | C133: =Records!$C133 -> RSL S14 | D133: =SUMIF(Summary!$B$15:$B1000,C133,Summary!$D$15:$D1000) -> 9.9733333 | E133: =if(Records!E133=0,0,D133*Records!D133/Records!E133) -> 9.9733333 | G133: =Records!G133*$E133 -> 0 | H133: =Records!H133*$E133 -> 0 | I133: =Records!I133*$E133 -> 0 | J133: =Records!J133*$E133 -> 0 | K133: =Records!K133*$E133 -> 9.9733333 | L133: =Records!L133*$E133 -> 0 | M133: =Records!M133*$E133 -> 0 | N133: =Records!N133*$E133 -> 0 | ... V133: =Records!V133*$E133 -> 0
B134: =Records!B134 -> 46054 | C134: =Records!$C134 -> RSL S15 | D134: =SUMIF(Summary!$B$15:$B1000,C134,Summary!$D$15:$D1000) -> 8.8358333 | E134: =if(Records!E134=0,0,D134*Records!D134/Records!E134) -> 8.8358333 | G134: =Records!G134*$E134 -> 0 | H134: =Records!H134*$E134 -> 0 | I134: =Records!I134*$E134 -> 0 | J134: =Records!J134*$E134 -> 0 | K134: =Records!K134*$E134 -> 8.8358333 | L134: =Records!L134*$E134 -> 0 | M134: =Records!M134*$E134 -> 0 | N134: =Records!N134*$E134 -> 0 | ... V134: =Records!V134*$E134 -> 0
B135: =Records!B135 -> 46054 | C135: =Records!$C135 -> RCL BS | D135: =SUMIF(Summary!$B$15:$B1000,C135,Summary!$D$15:$D1000) -> 9.625 | E135: =if(Records!E135=0,0,D135*Records!D135/Records!E135) -> 28.875 | G135: =Records!G135*$E135 -> 0 | H135: =Records!H135*$E135 -> 0 | I135: =Records!I135*$E135 -> 0 | J135: =Records!J135*$E135 -> 0 | K135: =Records!K135*$E135 -> 28.875 | L135: =Records!L135*$E135 -> 0 | M135: =Records!M135*$E135 -> 0 | N135: =Records!N135*$E135 -> 0 | ... V135: =Records!V135*$E135 -> 0
B136: =Records!B136 -> 46082 | C136: =Records!$C136 -> RSL S22 | D136: =SUMIF(Summary!$B$15:$B1000,C136,Summary!$D$15:$D1000) -> 10.580583 | E136: =if(Records!E136=0,0,D136*Records!D136/Records!E136) -> 3.5268611 | G136: =Records!G136*$E136 -> 3.5268611 | H136: =Records!H136*$E136 -> 3.5268611 | I136: =Records!I136*$E136 -> 0 | J136: =Records!J136*$E136 -> 0 | K136: =Records!K136*$E136 -> 3.5268611 | L136: =Records!L136*$E136 -> 3.5268611 | M136: =Records!M136*$E136 -> 0 | N136: =Records!N136*$E136 -> 0 | ... V136: =Records!V136*$E136 -> 0
B137: =Records!B137 -> 46089 | C137: =Records!$C137 -> RSL S21 | D137: =SUMIF(Summary!$B$15:$B1000,C137,Summary!$D$15:$D1000) -> 10.580417 | E137: =if(Records!E137=0,0,D137*Records!D137/Records!E137) -> 7.0536111 | G137: =Records!G137*$E137 -> 7.0536111 | H137: =Records!H137*$E137 -> 7.0536111 | I137: =Records!I137*$E137 -> 0 | J137: =Records!J137*$E137 -> 7.0536111 | K137: =Records!K137*$E137 -> 7.0536111 | L137: =Records!L137*$E137 -> 0 | M137: =Records!M137*$E137 -> 0 | N137: =Records!N137*$E137 -> 0 | ... V137: =Records!V137*$E137 -> 0
B138: =Records!B138 | C138: =Records!$C138 | D138: =SUMIF(Summary!$B$15:$B1000,C138,Summary!$D$15:$D1000) -> 0 | E138: =if(Records!E138=0,0,D138*Records!D138/Records!E138) -> 0 | G138: =Records!G138*$E138 -> 0 | H138: =Records!H138*$E138 -> 0 | I138: =Records!I138*$E138 -> 0 | J138: =Records!J138*$E138 -> 0 | K138: =Records!K138*$E138 -> 0 | L138: =Records!L138*$E138 -> 0 | M138: =Records!M138*$E138 -> 0 | N138: =Records!N138*$E138 -> 0 | ... V138: =Records!V138*$E138 -> 0
B139: =Records!B139 | C139: =Records!$C139 | D139: =SUMIF(Summary!$B$15:$B1000,C139,Summary!$D$15:$D1000) -> 0 | E139: =if(Records!E139=0,0,D139*Records!D139/Records!E139) -> 0 | G139: =Records!G139*$E139 -> 0 | H139: =Records!H139*$E139 -> 0 | I139: =Records!I139*$E139 -> 0 | J139: =Records!J139*$E139 -> 0 | K139: =Records!K139*$E139 -> 0 | L139: =Records!L139*$E139 -> 0 | M139: =Records!M139*$E139 -> 0 | N139: =Records!N139*$E139 -> 0 | ... V139: =Records!V139*$E139 -> 0
B140: =Records!B140 | C140: =Records!$C140 | D140: =SUMIF(Summary!$B$15:$B1000,C140,Summary!$D$15:$D1000) -> 0 | E140: =if(Records!E140=0,0,D140*Records!D140/Records!E140) -> 0 | G140: =Records!G140*$E140 -> 0 | H140: =Records!H140*$E140 -> 0 | I140: =Records!I140*$E140 -> 0 | J140: =Records!J140*$E140 -> 0 | K140: =Records!K140*$E140 -> 0 | L140: =Records!L140*$E140 -> 0 | M140: =Records!M140*$E140 -> 0 | N140: =Records!N140*$E140 -> 0 | ... V140: =Records!V140*$E140 -> 0
B141: =Records!B141 | C141: =Records!$C141 | D141: =SUMIF(Summary!$B$15:$B1000,C141,Summary!$D$15:$D1000) -> 0 | E141: =if(Records!E141=0,0,D141*Records!D141/Records!E141) -> 0 | G141: =Records!G141*$E141 -> 0 | H141: =Records!H141*$E141 -> 0 | I141: =Records!I141*$E141 -> 0 | J141: =Records!J141*$E141 -> 0 | K141: =Records!K141*$E141 -> 0 | L141: =Records!L141*$E141 -> 0 | M141: =Records!M141*$E141 -> 0 | N141: =Records!N141*$E141 -> 0 | ... V141: =Records!V141*$E141 -> 0
B142: =Records!B142 | C142: =Records!$C142 | D142: =SUMIF(Summary!$B$15:$B1000,C142,Summary!$D$15:$D1000) -> 0 | E142: =if(Records!E142=0,0,D142*Records!D142/Records!E142) -> 0 | G142: =Records!G142*$E142 -> 0 | H142: =Records!H142*$E142 -> 0 | I142: =Records!I142*$E142 -> 0 | J142: =Records!J142*$E142 -> 0 | K142: =Records!K142*$E142 -> 0 | L142: =Records!L142*$E142 -> 0 | M142: =Records!M142*$E142 -> 0 | N142: =Records!N142*$E142 -> 0 | ... V142: =Records!V142*$E142 -> 0
B143: =Records!B143 | C143: =Records!$C143 | D143: =SUMIF(Summary!$B$15:$B1000,C143,Summary!$D$15:$D1000) -> 0 | E143: =if(Records!E143=0,0,D143*Records!D143/Records!E143) -> 0 | G143: =Records!G143*$E143 -> 0 | H143: =Records!H143*$E143 -> 0 | I143: =Records!I143*$E143 -> 0 | J143: =Records!J143*$E143 -> 0 | K143: =Records!K143*$E143 -> 0 | L143: =Records!L143*$E143 -> 0 | M143: =Records!M143*$E143 -> 0 | N143: =Records!N143*$E143 -> 0 | ... V143: =Records!V143*$E143 -> 0
B144: =Records!B144 | C144: =Records!$C144 | D144: =SUMIF(Summary!$B$15:$B1000,C144,Summary!$D$15:$D1000) -> 0 | E144: =if(Records!E144=0,0,D144*Records!D144/Records!E144) -> 0 | G144: =Records!G144*$E144 -> 0 | H144: =Records!H144*$E144 -> 0 | I144: =Records!I144*$E144 -> 0 | J144: =Records!J144*$E144 -> 0 | K144: =Records!K144*$E144 -> 0 | L144: =Records!L144*$E144 -> 0 | M144: =Records!M144*$E144 -> 0 | N144: =Records!N144*$E144 -> 0 | ... V144: =Records!V144*$E144 -> 0
B145: =Records!B145 | C145: =Records!$C145 | D145: =SUMIF(Summary!$B$15:$B1000,C145,Summary!$D$15:$D1000) -> 0 | E145: =if(Records!E145=0,0,D145*Records!D145/Records!E145) -> 0 | G145: =Records!G145*$E145 -> 0 | H145: =Records!H145*$E145 -> 0 | I145: =Records!I145*$E145 -> 0 | J145: =Records!J145*$E145 -> 0 | K145: =Records!K145*$E145 -> 0 | L145: =Records!L145*$E145 -> 0 | M145: =Records!M145*$E145 -> 0 | N145: =Records!N145*$E145 -> 0 | ... V145: =Records!V145*$E145 -> 0
B146: =Records!B146 | C146: =Records!$C146 | D146: =SUMIF(Summary!$B$15:$B1000,C146,Summary!$D$15:$D1000) -> 0 | E146: =if(Records!E146=0,0,D146*Records!D146/Records!E146) -> 0 | G146: =Records!G146*$E146 -> 0 | H146: =Records!H146*$E146 -> 0 | I146: =Records!I146*$E146 -> 0 | J146: =Records!J146*$E146 -> 0 | K146: =Records!K146*$E146 -> 0 | L146: =Records!L146*$E146 -> 0 | M146: =Records!M146*$E146 -> 0 | N146: =Records!N146*$E146 -> 0 | ... V146: =Records!V146*$E146 -> 0
B147: =Records!B147 | C147: =Records!$C147 | D147: =SUMIF(Summary!$B$15:$B1000,C147,Summary!$D$15:$D1000) -> 0 | E147: =if(Records!E147=0,0,D147*Records!D147/Records!E147) -> 0 | G147: =Records!G147*$E147 -> 0 | H147: =Records!H147*$E147 -> 0 | I147: =Records!I147*$E147 -> 0 | J147: =Records!J147*$E147 -> 0 | K147: =Records!K147*$E147 -> 0 | L147: =Records!L147*$E147 -> 0 | M147: =Records!M147*$E147 -> 0 | N147: =Records!N147*$E147 -> 0 | ... V147: =Records!V147*$E147 -> 0
B148: =Records!B148 | C148: =Records!$C148 | D148: =SUMIF(Summary!$B$15:$B1000,C148,Summary!$D$15:$D1000) -> 0 | E148: =if(Records!E148=0,0,D148*Records!D148/Records!E148) -> 0 | G148: =Records!G148*$E148 -> 0 | H148: =Records!H148*$E148 -> 0 | I148: =Records!I148*$E148 -> 0 | J148: =Records!J148*$E148 -> 0 | K148: =Records!K148*$E148 -> 0 | L148: =Records!L148*$E148 -> 0 | M148: =Records!M148*$E148 -> 0 | N148: =Records!N148*$E148 -> 0 | ... V148: =Records!V148*$E148 -> 0
...

Sheet Total2
B1: Pay | C1: Total | D1: Total | E1: Total | F1: Total | G1: Total | H1: Total | I1: Total | J1: Total | K1: Total | M1: Pay | N1: Amount | O1: Status
B2: Total | C2: 77.9 | D2: 78.41 | E2: 86 | F2: 76.67 | G2: 69.36 | H2: 105 | I2: 75 | J2: =SUM(J3:J18) -> 25.276204 | K2: =SUM(C2:J2) -> 593.6162 | N2: =SUM(N3:N18) -> 593.6162
B3: Poi | C3: 16.047203 | D3: 8.4944167 | E3: 13.309524 | F3: 9.5431839 | G3: 14.622024 | H3: 11.350694 | I3: 10.297619 | M3: Poi | N3: =SUM(C3:J3) -> 83.664665 | O3: TRUE
B4: KC | C4: 9.5555366 | D4: 8.4944167 | E4: 13.309524 | F4: 9.5431839 | G4: 8.8420238 | H4: 11.350694 | I4: 10.297619 | M4: KC | N4: =SUM(C4:J4) -> 71.392998 | O4: TRUE
B5: HX | C5: 10.062083 | D5: 4.8643241 | E5: 12.797619 | F5: 4.4724167 | G5: 7.4658333 | H5: 13.78125 | I5: 12.380952 | M5: HX | N5: =SUM(C5:J5) -> 65.824479 | O5: TRUE
B6: ZT | C6: 4.5244949 | D6: 8.4944167 | E6: 10.238095 | F6: 9.5431839 | G6: 6.9153571 | H6: 13.100694 | I6: 8.8392857 | M6: ZT | N6: =SUM(C6:J6) -> 61.655528 | O6: TRUE
B7: YZ | C7: 6.9588699 | D7: 4.8643241 | E7: 10.238095 | F7: 6.3486005 | G7: 8.8420238 | H7: 15.725694 | I7: 5.8333333 | M7: YZ | N7: =SUM(C7:J7) -> 58.810941 | O7: TRUE
B8: CJ | C8: 4.5244949 | D8: 8.4944167 | E8: 13.309524 | F8: 9.5431839 | G8: 6.9153571 | H8: 8.0694444 | I8: 5.0892857 | M8: CJ | N8: =SUM(C8:J8) -> 55.945707 | O8: TRUE
B9: KY | C9: 6.9588699 | D9: 8.4944167 | E9: 3.0714286 | F9: 9.5431839 | G9: 6.9153571 | H9: 10.256944 | I9: 6.6517857 | M9: KY | N9: =SUM(C9:J9) -> 51.891986 | O9: TRUE
B10: YL | C10: 4.9572727 | D10: 8.4944167 | E10: 6.6547619 | F10: 5.8922315 | G10: 3.3028571 | H10: 10.256944 | I10: 6.6517857 | M10: YL | N10: =SUM(C10:J10) -> 46.21027 | O10: TRUE
B11: Matthew | C11: 4.7949811 | D11: 8.4944167 | E11: 3.0714286 | F11: 6.3486005 | G11: 0 | H11: 1.9444444 | I11: 0 | M11: Matthew | N11: =SUM(C11:J11) -> 24.653871 | O11: TRUE
B12: Hau Jin | C12: 0 | D12: 0 | E12: 0 | F12: 0 | G12: 1.9266667 | H12: 3.28125 | I12: 5.2083333 | J12: 13.255744 | M12: Hau Jin | N12: =SUM(C12:J12) -> 23.671994 | O12: TRUE
B13: LW | C13: 2.3606061 | D13: 3.6300926 | E13: 0 | F13: 4.6143981 | G13: 0 | H13: 1.9444444 | I13: 0 | J13: 7.4502937 | M13: LW | N13: =SUM(C13:J13) -> 19.999835 | O13: TRUE
B14: JZ | C14: 2.3606061 | D14: 1.96025 | E14: 0 | F14: 1.2778333 | G14: 3.6125 | H14: 2.84375 | I14: 2.1875 | M14: JZ | N14: =SUM(C14:J14) -> 14.242439 | O14: TRUE
B15: YX | C15: 4.7949811 | D15: 0 | E15: 0 | F15: 0 | G15: 0 | H15: 1.09375 | I15: 1.5625 | M15: YX | N15: =SUM(C15:J15) -> 7.4512311 | O15: TRUE
B16: Jit Loong | C16: 0 | D16: 3.6300926 | E16: 0 | F16: 0 | G16: 0 | H16: 0 | I16: 0 | J16: 3.204 | M16: Jit Loong | N16: =SUM(C16:J16) -> 6.8340926 | O16: TRUE
B17: Kit Liang | C17: 0 | D17: 0 | E17: 0 | F17: 0 | G17: 0 | H17: 0 | I17: 0 | J17: 1.3661667 | M17: Kit Liang | N17: =SUM(C17:J17) -> 1.3661667 | O17: TRUE
B18: ZL | C18: 0 | D18: 0 | E18: 0 | F18: 0 | G18: 0 | H18: 0 | I18: 0 | M18: ZZ | N18: =SUM(C18:J18) -> 0 | O18: TRUE
C19: Pomax (Poi) | D19: Pomax 2 (Poi) | E19: DimG (Poi) | F19: RSL C (Poi) | G19: Sealion (Poi) | H19: AS50 (Poi) | I19: Felet (Poi) | J19: Previous
A21: 45411 | B21: Pay | C21: Total | D21: Total | E21: Total | F21: Total | G21: Total | H21: Total | I21: Total | K21: Total | M21: Pay | N21: Amount | O21: Status
B22: Total | C22: =SUM(C23:C38) -> 76.41 | D22: =SUM(D23:D38) -> 80 | E22: =SUM(E23:E38) -> 69.36 | F22: =SUM(F23:F38) -> 75.397864 | G22: =SUM(G23:G38) -> 50.5 | H22: =SUM(H23:H38) -> 74.98 | I22: =SUM(I23:I38) -> 74.98 | K22: =SUM(C22:I22) -> 501.62786 | N22: =SUM(N23:N38) -> 501.62786
B23: Poi | C23: 10.119777 | D23: 10.582011 | E23: 23.8425 | F23: 7.1963182 | H23: 10.860198 | I23: 7.9603136 | M23: Poi | N23: =SUM(C23:I23) -> 70.561118 | O23: TRUE
B24: ZT | C24: 5.5715625 | D24: 10.582011 | E24: 6.5025 | F24: 7.1963182 | H24: 7.2897222 | I24: 7.9603136 | M24: ZT | N24: =SUM(C24:I24) -> 45.102427 | O24: TRUE
B25: YZ | C25: 6.9360268 | D25: 0 | E25: 6.5025 | F25: 7.1963182 | H25: 0 | I25: 0 | M25: YZ | N25: =SUM(C25:I25) -> 20.634845 | O25: TRUE
B26: KC | C26: 10.119777 | D26: 10.582011 | E26: 6.5025 | F26: 7.1963182 | H26: 10.860198 | I26: 7.9603136 | M26: KC | N26: =SUM(C26:I26) -> 53.221118 | O26: TRUE
B27: CJ | C27: 7.7319643 | D27: 10.582011 | E27: 6.5025 | F27: 7.1963182 | H27: 10.860198 | I27: 7.9603136 | M27: CJ | N27: =SUM(C27:I27) -> 50.833305 | O27: TRUE
B28: HX | C28: 5.5715625 | D28: 10.582011 | E28: 6.5025 | F28: 10.97 | H28: 6.6946429 | I28: 7.1792719 | M28: HX | N28: =SUM(C28:I28) -> 47.499988 | O28: TRUE
B29: JZ | C29: 2.3878125 | D29: 0 | E29: 0 | F29: 0 | H29: 0 | I29: 0 | M29: JZ | N29: =SUM(C29:I29) -> 2.3878125 | O29: TRUE
B30: LW | C30: 0 | D30: 6.7724868 | E30: 0 | F30: 3.4268182 | G30: 20 | H30: 0 | I30: 2.8401515 | M30: LW | N30: =SUM(C30:I30) -> 33.039456 | O30: TRUE
B31: KY | C31: 7.7319643 | D31: 6.7724868 | E31: 6.5025 | F31: 7.1963182 | H31: 10.860198 | I31: 7.9603136 | M31: KY | N31: =SUM(C31:I31) -> 47.023781 | O31: TRUE
B32: Jit Loong | C32: 0 | D32: 0 | E32: 0 | F32: 0 | G32: 6.83 | H32: 0 | I32: 2.777037 | M32: Jit Loong | N32: =SUM(C32:I32) -> 9.607037 | O32: TRUE
B33: Matthew | C33: 0 | D33: 0 | E33: 0 | F33: 0 | H33: 3.5704762 | I33: 0 | M33: Matthew | N33: =SUM(C33:I33) -> 3.5704762 | O33: TRUE
B34: Hau Jin | C34: 10.119777 | D34: 2.962963 | E34: 0 | F34: 3.4268182 | G34: 23.67 | H34: 3.1241667 | I34: 5.1832765 | M34: Hau Jin | N34: =SUM(C34:I34) -> 48.487001 | O34: TRUE
B35: Kit Liang | C35: 4.5482143 | D35: 0 | E35: 0 | F35: 0 | H35: 0 | I35: 0 | M35: Kit Liang | N35: =SUM(C35:I35) -> 4.5482143 | O35: TRUE
B36: YL | C36: 3.18375 | D36: 10.582011 | E36: 6.5025 | F36: 7.1963182 | H36: 10.860198 | I36: 7.9603136 | M36: YL | N36: =SUM(C36:I36) -> 46.285091 | O36: TRUE
B37: YX | C37: 2.3878125 | D37: 0 | E37: 0 | F37: 0 | H37: 0 | I37: 2.8401515 | M37: YX | N37: =SUM(C37:I37) -> 5.227964 | O37: TRUE
B38: ZZ | C38: 0 | D38: 0 | E38: 0 | F38: 7.2 | H38: 0 | I38: 6.3982302 | M38: ZZ | N38: =SUM(C38:I38) -> 13.59823 | O38: TRUE
C39: RSL S | D39: RSL S2 | E39: Protech Plat | F39: RSL S Stream | G39: Previous | H39: Protech Plat 2 | I39: Protech Plat 3
A41: 45535 | B41: Pay | C41: Total | D41: Total | E41: Total | F41: Total | G41: Total | H41: Total | I41: Total | K41: Total | M41: Pay | N41: Amount | O41: Status
B42: Total | C42: =SUM(C43:C58) -> 68.134833 | D42: =SUM(D43:D58) -> 85.87 | E42: =SUM(E43:E58) -> 87.86 | F42: =SUM(F43:F58) -> 85.87 | G42: =SUM(G43:G58) -> 87.86 | H42: =SUM(H43:H58) -> 50 | I42: =SUM(I43:I58) -> 96.1 | K42: =SUM(C42:I42) -> 561.69483 | N42: =SUM(N43:N58) -> 561.69483
B43: Poi | D43: 10.197063 | E43: 8.786 | F43: 23.017931 | G43: 24.603653 | H43: 7.3055556 | I43: 24.914815 | M43: Poi | N43: =SUM(C43:I43) -> 98.825016 | O43: TRUE
B44: ZT | D44: 5.7246667 | E44: 8.786 | F44: 6.9173056 | G44: 7.1314935 | H44: 3.5555556 | I44: 8.8981481 | M44: ZT | N44: =SUM(C44:I44) -> 41.013169 | O44: TRUE
B45: YZ | C45: =N25 -> 20.634845 | D45: 0 | E45: 0 | F45: 0 | G45: 0 | H45: 3 | I45: 0 | M45: YZ | N45: =SUM(C45:I45) -> 23.634845 | O45: TRUE
B46: KC | D46: 10.197063 | E46: 8.786 | F46: 7.8117847 | G46: 6.7392614 | H46: 5.4305556 | I46: 8.8981481 | M46: KC | N46: =SUM(C46:I46) -> 47.862812 | O46: TRUE
B47: CJ | D47: 10.197063 | E47: 8.786 | F47: 7.8117847 | G47: 9.8771185 | H47: 5.4305556 | I47: 8.8981481 | M47: CJ | N47: =SUM(C47:I47) -> 51.000669 | O47: TRUE
B48: HX | C48: =N28 -> 47.499988 | D48: 6.6191458 | E48: 12.446833 | F48: 6.9173056 | G48: 11.12513 | H48: 3.5555556 | I48: 8.8981481 | M48: HX | N48: =SUM(C48:I48) -> 97.062106 | O48: TRUE
B49: JZ | D49: 2.14675 | E49: 0 | F49: 2.14675 | G49: 0 | H49: 0 | I49: 0 | M49: JZ | N49: =SUM(C49:I49) -> 4.2935 | O49: TRUE
B50: LW | D50: 0 | E50: 0 | F50: 0 | G50: 0 | H50: 0 | I50: 0 | M50: LW | N50: =SUM(C50:I50) -> 0 | O50: TRUE
B51: KY | D51: 10.197063 | E51: 8.786 | F51: 7.8117847 | G51: 9.8771185 | H51: 5.4305556 | I51: 8.8981481 | M51: KY | N51: =SUM(C51:I51) -> 51.000669 | O51: TRUE
B52: Jit Loong | D52: 0 | E52: 0 | F52: 0 | G52: 0 | H52: 0 | I52: 0 | M52: Jit Loong | N52: =SUM(C52:I52) -> 0 | O52: TRUE
B53: Matthew | D53: 0 | E53: 0 | F53: 0 | G53: 0 | H53: 0 | I53: 0 | M53: Matthew | N53: =SUM(C53:I53) -> 0 | O53: TRUE
B54: Hau Jin | D54: 10.197063 | E54: 8.786 | F54: 7.8117847 | G54: 5.8834821 | H54: 5.4305556 | I54: 8.8981481 | M54: Hau Jin | N54: =SUM(C54:I54) -> 47.007033 | O54: TRUE
B55: Kit Liang | D55: 0 | E55: 5.1251667 | F55: 0 | G55: 0 | H55: 0 | I55: 0 | M55: Kit Liang | N55: =SUM(C55:I55) -> 5.1251667 | O55: TRUE
B56: YL | D56: 10.197063 | E56: 8.786 | F56: 7.8117847 | G56: 2.745625 | H56: 5.4305556 | I56: 8.8981481 | M56: YL | N56: =SUM(C56:I56) -> 43.869176 | O56: TRUE
B57: YX | D57: 0 | E57: 0 | F57: 0 | G57: 0 | H57: 0.55555556 | I57: 4.4490741 | M57: YX | N57: =SUM(C57:I57) -> 5.0046296 | O57: TRUE
B58: ZZ | D58: 10.197063 | E58: 8.786 | F58: 7.8117847 | G58: 9.8771185 | H58: 4.875 | I58: 4.4490741 | M58: ZZ | N58: =SUM(C58:I58) -> 45.99604 | O58: TRUE
C59: Previous | D59: RSL S3 | E59: LM Orange | F59: RSL S4 | G59: LM DG | H59: RCL T | I59: RCL BG
A61: 45662 | B61: Pay | K61: Total | M61: Pay | N61: Amount | O61: Status
B62: Total | C62: =SUM(C63:C79) -> 96.86 | D62: =SUM(D63:D79) -> 96.1 | E62: =SUM(E63:E79) -> 98.77 | F62: =SUM(F63:F79) -> 98.77 | G62: =SUM(G63:G79) -> 101.5 | K62: =SUM(C62:I62) -> 492 | N62: =SUM(N63:N78) -> 492
B63: Poi | C63: 16.031227 | D63: 16.23912 | E63: 10.905854 | F63: 11.111625 | G63: 21.357292 | M63: Poi | N63: =SUM(C63:I63) -> 75.645118 | O63: TRUE
B64: ZT | C64: 3.9237269 | D64: 3.5592593 | E64: 10.905854 | F64: 9.877 | G64: 11.207292 | M64: ZT | N64: =SUM(C64:I64) -> 39.473132 | O64: TRUE
B65: YZ | C65: 7.0627083 | D65: 0 | E65: 0 | F65: 0 | G65: 0 | M65: YZ | N65: =SUM(C65:I65) -> 7.0627083 | O65: TRUE
B66: KC | C66: 11.995394 | D66: 11.233912 | E66: 5.7615833 | F66: 6.173125 | G66: 9.515625 | M66: KC | N66: =SUM(C66:I66) -> 44.679639 | O66: TRUE
B67: CJ | C67: 11.995394 | D67: 11.233912 | E67: 10.905854 | F67: 11.111625 | G67: 8.0354167 | M67: CJ | N67: =SUM(C67:I67) -> 53.282201 | O67: TRUE
B68: HX | C68: 7.9595602 | D68: 6.2287037 | E68: 10.905854 | F68: 11.111625 | G68: 11.207292 | M68: HX | N68: =SUM(C68:I68) -> 47.413035 | O68: TRUE
B69: JZ | C69: 3.026875 | D69: 0 | E69: 8.4366042 | F69: 0 | G69: 0 | M69: JZ | N69: =SUM(C69:I69) -> 11.463479 | O69: TRUE
B70: LW | C70: 0 | D70: 2.6694444 | E70: 0 | F70: 0 | G70: 1.6916667 | M70: LW | N70: =SUM(C70:I70) -> 4.3611111 | O70: TRUE
B71: KY | C71: 11.995394 | D71: 11.233912 | E71: 10.905854 | F71: 11.111625 | G71: 4.8635417 | M71: KY | N71: =SUM(C71:I71) -> 50.110326 | O71: TRUE
B72: Jit Loong | C72: 0 | D72: 0 | E72: 0 | F72: 0 | G72: 0 | M72: Jit Loong | N72: =SUM(C72:I72) -> 0 | O72: TRUE
B73: Matthew | C73: 0 | D73: 2.6694444 | E73: 0 | F73: 0 | G73: 0 | M73: Matthew | N73: =SUM(C73:I73) -> 2.6694444 | O73: TRUE
B74: Hau Jin | C74: 4.9326852 | D74: 5.0052083 | E74: 10.905854 | F74: 16.050125 | G74: 11.207292 | M74: Hau Jin | N74: =SUM(C74:I74) -> 48.101164 | O74: FALSE
... B78: ZZ | C78: 7.0627083 | D78: 6.2287037 | E78: 5.7615833 | F78: 0 | G78: 8.0354167 | M78: ZZ | N78: =SUM(C78:I78) -> 27.088412 | O78: TRUE
C79: LM Black | D79: RCL BG2 | E79: RSL S5 | F79: RSL S6 | G79: RSL S7
A81: 45810 | B81: Pay | K81: Total | M81: Pay | N81: Amount | O81: Status
B82: Total | C82: =SUM(C83:C99) -> 97.59 | D82: =SUM(D83:D99) -> 101.5 | E82: =SUM(E83:E99) -> 101.37 | F82: =SUM(F83:F99) -> 101.37 | G82: =SUM(G83:G99) -> 104.87 | H82: =SUM(H83:H99) -> 104.87 | I82: =SUM(I83:I99) -> 48.101164 | K82: =SUM(C82:I82) -> 659.67116 | N82: =SUM(N83:N98) -> 659.67116
B83: Poi | C83: 16.265 | D83: 14.071591 | E83: 11.039347 | F83: 13.516 | G83: 12.890271 | H83: 12.162007 | M83: Poi | N83: =SUM(C83:I83) -> 79.944215 | O83: TRUE
B84: ZT | C84: 11.792125 | D84: 7.3049242 | E84: 11.039347 | F84: 9.29225 | G84: 12.890271 | H84: 6.7000278 | M84: ZT | N84: =SUM(C84:I84) -> 59.018944 | O84: FALSE
B85: YZ | C85: 0 | D85: 9.8424242 | E85: 1.5359091 | F85: 5.2796875 | G85: 0.87391667 | H85: 5.2435 | M85: YZ | N85: =SUM(C85:I85) -> 22.775437 | O85: TRUE
B86: KC | C86: 9.352375 | D86: 14.071591 | E86: 6.8155966 | F86: 12.67125 | G86: 12.890271 | H86: 12.162007 | M86: KC | N86: =SUM(C86:I86) -> 67.96309 | O86: TRUE
B87: CJ | C87: 11.792125 | D87: 3.0757576 | E87: 5.7596591 | F87: 13.516 | G87: 7.4282917 | H87: 12.162007 | M87: CJ | N87: =SUM(C87:I87) -> 53.73384 | O87: TRUE
B88: HX | C88: 5.69275 | D88: 7.3049242 | E88: 11.039347 | F88: 14.571937 | G88: 12.890271 | H88: 12.162007 | M88: HX | N88: =SUM(C88:I88) -> 63.661236 | O88: FALSE
B89: JZ | C89: 2.033125 | D89: 0 | E89: 5.2796875 | F89: 4.22375 | G89: 0.87391667 | H89: 5.2435 | M89: JZ | N89: =SUM(C89:I89) -> 17.653979 | O89: TRUE
B90: LW | C90: 2.43975 | D90: 3.0757576 | E90: 5.7596591 | F90: 0.84475 | G90: 0.87391667 | H90: 5.2435 | M90: LW | N90: =SUM(C90:I90) -> 18.237333 | O90: TRUE
B91: KY | C91: 11.792125 | D91: 7.3049242 | E91: 11.039347 | F91: 8.2363125 | G91: 12.890271 | H91: 12.162007 | M91: KY | N91: =SUM(C91:I91) -> 63.424986 | O91: TRUE
B92: Jit Loong | C92: 0 | D92: 0 | E92: 0 | F92: 0 | G92: 0 | H92: 0 | M92: Jit Loong | N92: =SUM(C92:I92) -> 0 | O92: TRUE
B93: Matthew | C93: 0 | D93: 3.0757576 | E93: 1.5359091 | F93: 0 | G93: 0 | H93: 0 | M93: Matthew | N93: =SUM(C93:I93) -> 4.6116667 | O93: TRUE
B94: Hau Jin | C94: 11.792125 | D94: 10.995833 | E94: 4.22375 | F94: 0.84475 | G94: 6.3358958 | H94: 10.705479 | I94: =N74 -> 48.101164 | M94: Hau Jin | N94: =SUM(C94:I94) -> 92.998998 | O94: TRUE
B95: Kit Liang | C95: 5.69275 | D95: 4.2291667 | E95: 4.22375 | F95: 0.84475 | G95: 0 | H95: 5.4619792 | M95: Kit Liang | N95: =SUM(C95:I95) -> 20.452396 | O95: FALSE
B96: YL | C96: 3.253 | D96: 14.071591 | E96: 11.039347 | F96: 13.516 | G96: 12.016354 | H96: 0 | M96: YL | N96: =SUM(C96:I96) -> 53.896292 | O96: TRUE
B97: YX | C97: 0 | D97: 0 | E97: 0 | F97: 0 | G97: 0 | H97: 0 | M97: YX | N97: =SUM(C97:I97) -> 0 | O97: TRUE
B98: ZZ | C98: 5.69275 | D98: 3.0757576 | E98: 11.039347 | F98: 4.0125625 | G98: 12.016354 | H98: 5.4619792 | M98: ZZ | N98: =SUM(C98:I98) -> 41.29875 | O98: TRUE
C99: LM DG2 | D99: RSL S8 | E99: RSL S9 | F99: RSL S10 | G99: RSL S11 | H99: RSL S12 | I99: Previous
A101: 46054 | B101: Pay | K101: Total | M101: Pay | N101: Amount | O101: Status
B102: Total | C102: =SUM(C103:C119) -> 143.13258 | D102: =SUM(D103:D119) -> 119.68 | E102: =SUM(E103:E119) -> 106.03 | F102: =SUM(F103:F119) -> 115.5 | G102: =SUM(G103:G119) -> 119.76 | H102: =SUM(H103:H119) -> 128.79 | I102: =SUM(I103:I119) -> 116.23 | K102: =SUM(C102:I102) -> 849.12258 | N102: =SUM(N103:N118) -> 849.12258
B103: Poi | D103: 16.622222 | E103: 11.64086 | F103: 12.432292 | G103: 22.455 | H103: 19.855125 | I103: 18.449206 | M103: Poi | N103: =SUM(C103:I103) -> 101.45471 | O103: TRUE
B104: ZT | C104: =N84 -> 59.018944 | D104: 16.622222 | E104: 11.64086 | F104: 12.432292 | G104: 16.2175 | H104: 17.708625 | I104: 5.5347619 | M104: ZT | N104: =SUM(C104:I104) -> 139.17521 | O104: TRUE
B105: YZ | D105: 0 | E105: 7.8540741 | F105: 0 | G105: 7.984 | H105: 10.195875 | I105: 0 | M105: YZ | N105: =SUM(C105:I105) -> 26.033949 | O105: TRUE
B106: KC | D106: 14.128889 | E106: 11.64086 | F106: 12.432292 | G106: 16.2175 | H106: 19.855125 | I106: 8.763373 | M106: KC | N106: =SUM(C106:I106) -> 83.038038 | O106: TRUE
B107: CJ | D107: 16.622222 | E107: 20.476693 | F107: 41.307292 | G107: 3.992 | H107: 3.21975 | I107: 18.449206 | M107: CJ | N107: =SUM(C107:I107) -> 104.06716 | O107: TRUE
B108: HX | C108: =N88 -> 63.661236 | D108: 16.622222 | E108: 3.7867857 | F108: 12.432292 | G108: 16.2175 | H108: 17.708625 | I108: 18.449206 | M108: HX | N108: =SUM(C108:I108) -> 148.87787 | O108: TRUE
...

Sheet Felet (Poi)
A1: Tube price | B1: 75 | D1: Players | E1: 45340 | F1: 45343 | O1: Pay | P1: Total | S1: Frequency
A2: No. of ball | B2: 12 | D2: Poi | E2: 1 | F2: 1 | O2: =D2 -> Poi | P2: =SUM(E24:M24) -> 2.7083333 | S2: =COUNT(E2:M2) -> 2
A3: Ball price | B3: =B1/B2 -> 6.25 | D3: ZT | F3: 2 | O3: =D3 -> ZT | P3: =SUM(E25:M25) -> 1.25 | S3: =COUNT(E3:M3) -> 1
D4: YZ | E4: 1 | F4: 1 | O4: =D4 -> YZ | P4: =SUM(E26:M26) -> 2.7083333 | S4: =COUNT(E4:M4) -> 2
A5: Tube Holder | B5: Poi | D5: KC | E5: 1 | F5: 1 | O5: =D5 -> KC | P5: =SUM(E27:M27) -> 2.7083333 | S5: =COUNT(E5:M5) -> 2
D6: CJ | F6: 1 | O6: =D6 -> CJ | P6: =SUM(E28:M28) -> 0.625 | S6: =COUNT(E6:M6) -> 1
A7: Balls left | B7: =B2-SUM(E20:M20) -> 9 | D7: HX | E7: 2 | F7: 1 | O7: =D7 -> HX | P7: =SUM(E29:M29) -> 4.7916667 | S7: =COUNT(E7:M7) -> 2
D8: JZ | F8: 1 | O8: =D8 -> JZ | P8: =SUM(E30:M30) -> 0.625 | S8: =COUNT(E8:M8) -> 1
D9: LW | O9: =D9 -> LW | P9: =SUM(E31:M31) -> 0 | S9: =COUNT(E9:M9) -> 0
D10: KY | F10: 1 | O10: =D10 -> KY | P10: =SUM(E32:M32) -> 0.625 | S10: =COUNT(E10:M10) -> 1
D11: Jit Loong | O11: =D11 -> Jit Loong | P11: =SUM(E33:M33) -> 0 | S11: =COUNT(E11:M11) -> 0
D12: Matthew | O12: =D12 -> Matthew | P12: =SUM(E34:M34) -> 0 | S12: =COUNT(E12:M12) -> 0
D13: Hau Jin | E13: 1 | O13: =D13 -> Hau Jin | P13: =SUM(E35:M35) -> 2.0833333 | S13: =COUNT(E13:M13) -> 1
D14: Kit Liang | O14: =D14 -> Kit Liang | P14: =SUM(E36:M36) -> 0 | S14: =COUNT(E14:M14) -> 0
D15: YL | F15: 1 | O15: =D15 -> YL | P15: =SUM(E37:M37) -> 0.625 | S15: =COUNT(E15:M15) -> 1
D16: YX | O16: =D16 -> YX | P16: =SUM(E38:M38) -> 0 | S16: =COUNT(E16:M16) -> 0
D17: ZL | O17: =D17 -> ZL | P17: =SUM(E39:M39) -> 0 | S17: =COUNT(E17:M17) -> 0
P18: =SUM(P2:P17) -> 18.75
D19: User | E19: =SUM(E2:E17) -> 6 | F19: =SUM(F2:F17) -> 10 | G19: =SUM(G2:G17) -> 0 | H19: =SUM(H2:H17) -> 0 | I19: =SUM(I2:I17) -> 0 | J19: =SUM(J2:J17) -> 0 | K19: =SUM(K2:K17) -> 0 | L19: =SUM(L2:L17) -> 0 | M19: =SUM(M2:M17) -> 0
D20: Ball usage | E20: 2 | F20: 1
D21: Weightage price | E21: =IF(E19=0, 0, $B$3*E20/E19) -> 2.0833333 | F21: =IF(F19=0, 0, $B$3*F20/F19) -> 0.625 | G21: =IF(G19=0, 0, $B$3*G20/G19) -> 0 | H21: =IF(H19=0, 0, $B$3*H20/H19) -> 0 | I21: =IF(I19=0, 0, $B$3*I20/I19) -> 0 | J21: =IF(J19=0, 0, $B$3*J20/J19) -> 0 | K21: =IF(K19=0, 0, $B$3*K20/K19) -> 0 | L21: =IF(L19=0, 0, $B$3*L20/L19) -> 0 | M21: =IF(M19=0, 0, $B$3*M20/M19) -> 0
D23: Pay | E23: =E1 -> 45340 | F23: =F1 -> 45343 | G23: =G1 | H23: =H1 | I23: =I1 | J23: =J1 | K23: =K1 | L23: =L1 | M23: =M1
D24: =D2 -> Poi | E24: =E2*$E$21 -> 2.0833333 | F24: =F2*$F$21 -> 0.625 | G24: =G2*G$21 -> 0 | H24: =H2*H$21 -> 0 | I24: =I2*I$21 -> 0 | J24: =J2*J$21 -> 0 | K24: =K2*K$21 -> 0 | L24: =L2*L$21 -> 0 | M24: =M2*M$21 -> 0
D25: =D3 -> ZT | E25: =E3*$E$21 -> 0 | F25: =F3*$F$21 -> 1.25 | G25: =G3*G$21 -> 0 | H25: =H3*H$21 -> 0 | I25: =I3*I$21 -> 0 | J25: =J3*J$21 -> 0 | K25: =K3*K$21 -> 0 | L25: =L3*L$21 -> 0 | M25: =M3*M$21 -> 0
D26: =D4 -> YZ | E26: =E4*$E$21 -> 2.0833333 | F26: =F4*$F$21 -> 0.625 | G26: =G4*G$21 -> 0 | H26: =H4*H$21 -> 0 | I26: =I4*I$21 -> 0 | J26: =J4*J$21 -> 0 | K26: =K4*K$21 -> 0 | L26: =L4*L$21 -> 0 | M26: =M4*M$21 -> 0
D27: =D5 -> KC | E27: =E5*$E$21 -> 2.0833333 | F27: =F5*$F$21 -> 0.625 | G27: =G5*G$21 -> 0 | H27: =H5*H$21 -> 0 | I27: =I5*I$21 -> 0 | J27: =J5*J$21 -> 0 | K27: =K5*K$21 -> 0 | L27: =L5*L$21 -> 0 | M27: =M5*M$21 -> 0
D28: =D6 -> CJ | E28: =E6*$E$21 -> 0 | F28: =F6*$F$21 -> 0.625 | G28: =G6*G$21 -> 0 | H28: =H6*H$21 -> 0 | I28: =I6*I$21 -> 0 | J28: =J6*J$21 -> 0 | K28: =K6*K$21 -> 0 | L28: =L6*L$21 -> 0 | M28: =M6*M$21 -> 0
D29: =D7 -> HX | E29: =E7*$E$21 -> 4.1666667 | F29: =F7*$F$21 -> 0.625 | G29: =G7*G$21 -> 0 | H29: =H7*H$21 -> 0 | I29: =I7*I$21 -> 0 | J29: =J7*J$21 -> 0 | K29: =K7*K$21 -> 0 | L29: =L7*L$21 -> 0 | M29: =M7*M$21 -> 0
D30: =D8 -> JZ | E30: =E8*$E$21 -> 0 | F30: =F8*$F$21 -> 0.625 | G30: =G8*G$21 -> 0 | H30: =H8*H$21 -> 0 | I30: =I8*I$21 -> 0 | J30: =J8*J$21 -> 0 | K30: =K8*K$21 -> 0 | L30: =L8*L$21 -> 0 | M30: =M8*M$21 -> 0
D31: =D9 -> LW | E31: =E9*$E$21 -> 0 | F31: =F9*$F$21 -> 0 | G31: =G9*G$21 -> 0 | H31: =H9*H$21 -> 0 | I31: =I9*I$21 -> 0 | J31: =J9*J$21 -> 0 | K31: =K9*K$21 -> 0 | L31: =L9*L$21 -> 0 | M31: =M9*M$21 -> 0
D32: =D10 -> KY | E32: =E10*$E$21 -> 0 | F32: =F10*$F$21 -> 0.625 | G32: =G10*G$21 -> 0 | H32: =H10*H$21 -> 0 | I32: =I10*I$21 -> 0 | J32: =J10*J$21 -> 0 | K32: =K10*K$21 -> 0 | L32: =L10*L$21 -> 0 | M32: =M10*M$21 -> 0
D33: =D11 -> Jit Loong | E33: =E11*$E$21 -> 0 | F33: =F11*$F$21 -> 0 | G33: =G11*G$21 -> 0 | H33: =H11*H$21 -> 0 | I33: =I11*I$21 -> 0 | J33: =J11*J$21 -> 0 | K33: =K11*K$21 -> 0 | L33: =L11*L$21 -> 0 | M33: =M11*M$21 -> 0
D34: =D12 -> Matthew | E34: =E12*$E$21 -> 0 | F34: =F12*$F$21 -> 0 | G34: =G12*G$21 -> 0 | H34: =H12*H$21 -> 0 | I34: =I12*I$21 -> 0 | J34: =J12*J$21 -> 0 | K34: =K12*K$21 -> 0 | L34: =L12*L$21 -> 0 | M34: =M12*M$21 -> 0
D35: =D13 -> Hau Jin | E35: =E13*$E$21 -> 2.0833333 | F35: =F13*$F$21 -> 0 | G35: =G13*G$21 -> 0 | H35: =H13*H$21 -> 0 | I35: =I13*I$21 -> 0 | J35: =J13*J$21 -> 0 | K35: =K13*K$21 -> 0 | L35: =L13*L$21 -> 0 | M35: =M13*M$21 -> 0
... D39: =D17 -> ZL | E39: =E17*$E$21 -> 0 | F39: =F17*$F$21 -> 0 | G39: =G17*G$21 -> 0 | H39: =H17*H$21 -> 0 | I39: =I17*I$21 -> 0 | J39: =J17*J$21 -> 0 | K39: =K17*K$21 -> 0 | L39: =L17*L$21 -> 0 | M39: =M17*M$21 -> 0
D41: Sum | E41: =SUM(E24:E39) -> 12.5 | F41: =SUM(F24:F39) -> 6.25 | G41: =SUM(G24:G39) -> 0 | H41: =SUM(H24:H39) -> 0 | I41: =SUM(I24:I39) -> 0 | J41: =SUM(J24:J39) -> 0 | K41: =SUM(K24:K39) -> 0 | L41: =SUM(L24:L39) -> 0 | M41: =SUM(M24:M39) -> 0

Sheet AS50 (Poi)
A1: Tube price | B1: 105 | D1: Players | E1: 45221 | F1: 45657 | G1: 45343 | O1: Pay | P1: Total | S1: Frequency
A2: No. of ball | B2: 12 | D2: Poi | E2: 1 | F2: 1 | G2: 1 | O2: =D2 -> Poi | P2: =SUM(E24:M24) -> 8.0694444 | S2: =COUNT(E2:M2) -> 3
A3: Ball price | B3: =B1/B2 -> 8.75 | D3: ZT | E3: 1 | F3: 1 | G3: 2 | O3: =D3 -> ZT | P3: =SUM(E25:M25) -> 9.8194444 | S3: =COUNT(E3:M3) -> 3
D4: YZ | E4: 1 | F4: 2 | G4: 1 | O4: =D4 -> YZ | P4: =SUM(E26:M26) -> 12.444444 | S4: =COUNT(E4:M4) -> 3
A5: Tube Holder | B5: Poi | D5: KC | E5: 1 | F5: 1 | G5: 1 | O5: =D5 -> KC | P5: =SUM(E27:M27) -> 8.0694444 | S5: =COUNT(E5:M5) -> 3
D6: CJ | E6: 1 | F6: 1 | G6: 1 | O6: =D6 -> CJ | P6: =SUM(E28:M28) -> 8.0694444 | S6: =COUNT(E6:M6) -> 3
A7: Balls left | B7: =B2-SUM(E20:M20) -> 3 | D7: HX | F7: 2 | G7: 1 | O7: =D7 -> HX | P7: =SUM(E29:M29) -> 10.5 | S7: =COUNT(E7:M7) -> 2
D8: JZ | G8: 1 | O8: =D8 -> JZ | P8: =SUM(E30:M30) -> 1.75 | S8: =COUNT(E8:M8) -> 1
D9: LW | E9: 1 | O9: =D9 -> LW | P9: =SUM(E31:M31) -> 1.9444444 | S9: =COUNT(E9:M9) -> 1
D10: KY | E10: 1 | F10: 1 | G10: 1 | O10: =D10 -> KY | P10: =SUM(E32:M32) -> 8.0694444 | S10: =COUNT(E10:M10) -> 3
D11: Jit Loong | O11: =D11 -> Jit Loong | P11: =SUM(E33:M33) -> 0 | S11: =COUNT(E11:M11) -> 0
D12: Matthew | E12: 1 | O12: =D12 -> Matthew | P12: =SUM(E34:M34) -> 1.9444444 | S12: =COUNT(E12:M12) -> 1
D13: Hau Jin | O13: =D13 -> Hau Jin | P13: =SUM(E35:M35) -> 0 | S13: =COUNT(E13:M13) -> 0
D14: Kit Liang | O14: =D14 -> Kit Liang | P14: =SUM(E36:M36) -> 0 | S14: =COUNT(E14:M14) -> 0
D15: YL | E15: 1 | F15: 1 | G15: 1 | O15: =D15 -> YL | P15: =SUM(E37:M37) -> 8.0694444 | S15: =COUNT(E15:M15) -> 3
D16: YX | O16: =D16 -> YX | P16: =SUM(E38:M38) -> 0 | S16: =COUNT(E16:M16) -> 0
D17: ZL | O17: =D17 -> ZL | P17: =SUM(E39:M39) -> 0 | S17: =COUNT(E17:M17) -> 0
P18: =SUM(P2:P17) -> 78.75
D19: User | E19: =SUM(E2:E17) -> 9 | F19: =SUM(F2:F17) -> 10 | G19: =SUM(G2:G17) -> 10 | H19: =SUM(H2:H17) -> 0 | I19: =SUM(I2:I17) -> 0 | J19: =SUM(J2:J17) -> 0 | K19: =SUM(K2:K17) -> 0 | L19: =SUM(L2:L17) -> 0 | M19: =SUM(M2:M17) -> 0
D20: Ball usage | E20: 2 | F20: 5 | G20: 2
D21: Weightage price | E21: =IF(E19=0, 0, $B$3*E20/E19) -> 1.9444444 | F21: =IF(F19=0, 0, $B$3*F20/F19) -> 4.375 | G21: =IF(G19=0, 0, $B$3*G20/G19) -> 1.75 | H21: =IF(H19=0, 0, $B$3*H20/H19) -> 0 | I21: =IF(I19=0, 0, $B$3*I20/I19) -> 0 | J21: =IF(J19=0, 0, $B$3*J20/J19) -> 0 | K21: =IF(K19=0, 0, $B$3*K20/K19) -> 0 | L21: =IF(L19=0, 0, $B$3*L20/L19) -> 0 | M21: =IF(M19=0, 0, $B$3*M20/M19) -> 0
D23: Pay | E23: =E1 -> 45221 | F23: =F1 -> 45657 | G23: =G1 -> 45343 | H23: =H1 | I23: =I1 | J23: =J1 | K23: =K1 | L23: =L1 | M23: =M1
D24: =D2 -> Poi | E24: =E2*$E$21 -> 1.9444444 | F24: =F2*$F$21 -> 4.375 | G24: =G2*G$21 -> 1.75 | H24: =H2*H$21 -> 0 | I24: =I2*I$21 -> 0 | J24: =J2*J$21 -> 0 | K24: =K2*K$21 -> 0 | L24: =L2*L$21 -> 0 | M24: =M2*M$21 -> 0
D25: =D3 -> ZT | E25: =E3*$E$21 -> 1.9444444 | F25: =F3*$F$21 -> 4.375 | G25: =G3*G$21 -> 3.5 | H25: =H3*H$21 -> 0 | I25: =I3*I$21 -> 0 | J25: =J3*J$21 -> 0 | K25: =K3*K$21 -> 0 | L25: =L3*L$21 -> 0 | M25: =M3*M$21 -> 0
D26: =D4 -> YZ | E26: =E4*$E$21 -> 1.9444444 | F26: =F4*$F$21 -> 8.75 | G26: =G4*G$21 -> 1.75 | H26: =H4*H$21 -> 0 | I26: =I4*I$21 -> 0 | J26: =J4*J$21 -> 0 | K26: =K4*K$21 -> 0 | L26: =L4*L$21 -> 0 | M26: =M4*M$21 -> 0
D27: =D5 -> KC | E27: =E5*$E$21 -> 1.9444444 | F27: =F5*$F$21 -> 4.375 | G27: =G5*G$21 -> 1.75 | H27: =H5*H$21 -> 0 | I27: =I5*I$21 -> 0 | J27: =J5*J$21 -> 0 | K27: =K5*K$21 -> 0 | L27: =L5*L$21 -> 0 | M27: =M5*M$21 -> 0
D28: =D6 -> CJ | E28: =E6*$E$21 -> 1.9444444 | F28: =F6*$F$21 -> 4.375 | G28: =G6*G$21 -> 1.75 | H28: =H6*H$21 -> 0 | I28: =I6*I$21 -> 0 | J28: =J6*J$21 -> 0 | K28: =K6*K$21 -> 0 | L28: =L6*L$21 -> 0 | M28: =M6*M$21 -> 0
D29: =D7 -> HX | E29: =E7*$E$21 -> 0 | F29: =F7*$F$21 -> 8.75 | G29: =G7*G$21 -> 1.75 | H29: =H7*H$21 -> 0 | I29: =I7*I$21 -> 0 | J29: =J7*J$21 -> 0 | K29: =K7*K$21 -> 0 | L29: =L7*L$21 -> 0 | M29: =M7*M$21 -> 0
D30: =D8 -> JZ | E30: =E8*$E$21 -> 0 | F30: =F8*$F$21 -> 0 | G30: =G8*G$21 -> 1.75 | H30: =H8*H$21 -> 0 | I30: =I8*I$21 -> 0 | J30: =J8*J$21 -> 0 | K30: =K8*K$21 -> 0 | L30: =L8*L$21 -> 0 | M30: =M8*M$21 -> 0
D31: =D9 -> LW | E31: =E9*$E$21 -> 1.9444444 | F31: =F9*$F$21 -> 0 | G31: =G9*G$21 -> 0 | H31: =H9*H$21 -> 0 | I31: =I9*I$21 -> 0 | J31: =J9*J$21 -> 0 | K31: =K9*K$21 -> 0 | L31: =L9*L$21 -> 0 | M31: =M9*M$21 -> 0
D32: =D10 -> KY | E32: =E10*$E$21 -> 1.9444444 | F32: =F10*$F$21 -> 4.375 | G32: =G10*G$21 -> 1.75 | H32: =H10*H$21 -> 0 | I32: =I10*I$21 -> 0 | J32: =J10*J$21 -> 0 | K32: =K10*K$21 -> 0 | L32: =L10*L$21 -> 0 | M32: =M10*M$21 -> 0
D33: =D11 -> Jit Loong | E33: =E11*$E$21 -> 0 | F33: =F11*$F$21 -> 0 | G33: =G11*G$21 -> 0 | H33: =H11*H$21 -> 0 | I33: =I11*I$21 -> 0 | J33: =J11*J$21 -> 0 | K33: =K11*K$21 -> 0 | L33: =L11*L$21 -> 0 | M33: =M11*M$21 -> 0
D34: =D12 -> Matthew | E34: =E12*$E$21 -> 1.9444444 | F34: =F12*$F$21 -> 0 | G34: =G12*G$21 -> 0 | H34: =H12*H$21 -> 0 | I34: =I12*I$21 -> 0 | J34: =J12*J$21 -> 0 | K34: =K12*K$21 -> 0 | L34: =L12*L$21 -> 0 | M34: =M12*M$21 -> 0
D35: =D13 -> Hau Jin | E35: =E13*$E$21 -> 0 | F35: =F13*$F$21 -> 0 | G35: =G13*G$21 -> 0 | H35: =H13*H$21 -> 0 | I35: =I13*I$21 -> 0 | J35: =J13*J$21 -> 0 | K35: =K13*K$21 -> 0 | L35: =L13*L$21 -> 0 | M35: =M13*M$21 -> 0
... D39: =D17 -> ZL | E39: =E17*$E$21 -> 0 | F39: =F17*$F$21 -> 0 | G39: =G17*G$21 -> 0 | H39: =H17*H$21 -> 0 | I39: =I17*I$21 -> 0 | J39: =J17*J$21 -> 0 | K39: =K17*K$21 -> 0 | L39: =L17*L$21 -> 0 | M39: =M17*M$21 -> 0
D41: Sum | E41: =SUM(E24:E39) -> 17.5 | F41: =SUM(F24:F39) -> 43.75 | G41: =SUM(G24:G39) -> 17.5 | H41: =SUM(H24:H39) -> 0 | I41: =SUM(I24:I39) -> 0 | J41: =SUM(J24:J39) -> 0 | K41: =SUM(K24:K39) -> 0 | L41: =SUM(L24:L39) -> 0 | M41: =SUM(M24:M39) -> 0

Sheet Sealion (Poi)
A1: Tube price | B1: 69.36 | D1: Players | E1: 45296 | F1: 45298 | G1: 45305 | H1: 45340 | O1: Pay | P1: Total | S1: Frequency
A2: No. of ball | B2: 12 | D2: Poi | E2: 1 | F2: 1 | G2: 1 | H2: 1 | O2: =D2 -> Poi | P2: =SUM(E24:M24) -> 14.622024 | S2: =COUNT(E2:M2) -> 4
A3: Ball price | B3: =B1/B2 -> 5.78 | D3: ZT | F3: 1 | G3: 1 | O3: =D3 -> ZT | P3: =SUM(E25:M25) -> 6.9153571 | S3: =COUNT(E3:M3) -> 2
D4: YZ | F4: 1 | G4: 1 | H4: 1 | O4: =D4 -> YZ | P4: =SUM(E26:M26) -> 8.8420238 | S4: =COUNT(E4:M4) -> 3
A5: Tube Holder | B5: Poi | D5: KC | F5: 1 | G5: 1 | H5: 1 | O5: =D5 -> KC | P5: =SUM(E27:M27) -> 8.8420238 | S5: =COUNT(E5:M5) -> 3
D6: CJ | F6: 1 | G6: 1 | O6: =D6 -> CJ | P6: =SUM(E28:M28) -> 6.9153571 | S6: =COUNT(E6:M6) -> 2
A7: Balls left | B7: =B2-SUM(E20:M20) -> 0 | D7: HX | G7: 1 | H7: 2 | O7: =D7 -> HX | P7: =SUM(E29:M29) -> 7.4658333 | S7: =COUNT(E7:M7) -> 2
D8: JZ | G8: 1 | O8: =D8 -> JZ | P8: =SUM(E30:M30) -> 3.6125 | S8: =COUNT(E8:M8) -> 1
D9: LW | O9: =D9 -> LW | P9: =SUM(E31:M31) -> 0 | S9: =COUNT(E9:M9) -> 0
D10: KY | F10: 1 | G10: 1 | O10: =D10 -> KY | P10: =SUM(E32:M32) -> 6.9153571 | S10: =COUNT(E10:M10) -> 2
D11: Jit Loong | O11: =D11 -> Jit Loong | P11: =SUM(E33:M33) -> 0 | S11: =COUNT(E11:M11) -> 0
D12: Matthew | O12: =D12 -> Matthew | P12: =SUM(E34:M34) -> 0 | S12: =COUNT(E12:M12) -> 0
D13: Hau Jin | H13: 1 | O13: =D13 -> Hau Jin | P13: =SUM(E35:M35) -> 1.9266667 | S13: =COUNT(E13:M13) -> 1
D14: Kit Liang | O14: =D14 -> Kit Liang | P14: =SUM(E36:M36) -> 0 | S14: =COUNT(E14:M14) -> 0
D15: YL | F15: 1 | O15: =D15 -> YL | P15: =SUM(E37:M37) -> 3.3028571 | S15: =COUNT(E15:M15) -> 1
D16: YX | O16: =D16 -> YX | P16: =SUM(E38:M38) -> 0 | S16: =COUNT(E16:M16) -> 0
D17: ZL | O17: =D17 -> ZL | P17: =SUM(E39:M39) -> 0 | S17: =COUNT(E17:M17) -> 0
P18: =SUM(P2:P17) -> 69.36
D19: User | E19: =SUM(E2:E17) -> 1 | F19: =SUM(F2:F17) -> 7 | G19: =SUM(G2:G17) -> 8 | H19: =SUM(H2:H17) -> 6 | I19: =SUM(I2:I17) -> 0 | J19: =SUM(J2:J17) -> 0 | K19: =SUM(K2:K17) -> 0 | L19: =SUM(L2:L17) -> 0 | M19: =SUM(M2:M17) -> 0
D20: Ball usage | E20: 1 | F20: 4 | G20: 5 | H20: 2
D21: Weightage price | E21: =IF(E19=0, 0, $B$3*E20/E19) -> 5.78 | F21: =IF(F19=0, 0, $B$3*F20/F19) -> 3.3028571 | G21: =IF(G19=0, 0, $B$3*G20/G19) -> 3.6125 | H21: =IF(H19=0, 0, $B$3*H20/H19) -> 1.9266667 | I21: =IF(I19=0, 0, $B$3*I20/I19) -> 0 | J21: =IF(J19=0, 0, $B$3*J20/J19) -> 0 | K21: =IF(K19=0, 0, $B$3*K20/K19) -> 0 | L21: =IF(L19=0, 0, $B$3*L20/L19) -> 0 | M21: =IF(M19=0, 0, $B$3*M20/M19) -> 0
D23: Pay | E23: =E1 -> 45296 | F23: =F1 -> 45298 | G23: =G1 -> 45305 | H23: =H1 -> 45340 | I23: =I1 | J23: =J1 | K23: =K1 | L23: =L1 | M23: =M1
D24: =D2 -> Poi | E24: =E2*$E$21 -> 5.78 | F24: =F2*$F$21 -> 3.3028571 | G24: =G2*G$21 -> 3.6125 | H24: =H2*H$21 -> 1.9266667 | I24: =I2*I$21 -> 0 | J24: =J2*J$21 -> 0 | K24: =K2*K$21 -> 0 | L24: =L2*L$21 -> 0 | M24: =M2*M$21 -> 0
D25: =D3 -> ZT | E25: =E3*$E$21 -> 0 | F25: =F3*$F$21 -> 3.3028571 | G25: =G3*G$21 -> 3.6125 | H25: =H3*H$21 -> 0 | I25: =I3*I$21 -> 0 | J25: =J3*J$21 -> 0 | K25: =K3*K$21 -> 0 | L25: =L3*L$21 -> 0 | M25: =M3*M$21 -> 0
D26: =D4 -> YZ | E26: =E4*$E$21 -> 0 | F26: =F4*$F$21 -> 3.3028571 | G26: =G4*G$21 -> 3.6125 | H26: =H4*H$21 -> 1.9266667 | I26: =I4*I$21 -> 0 | J26: =J4*J$21 -> 0 | K26: =K4*K$21 -> 0 | L26: =L4*L$21 -> 0 | M26: =M4*M$21 -> 0
D27: =D5 -> KC | E27: =E5*$E$21 -> 0 | F27: =F5*$F$21 -> 3.3028571 | G27: =G5*G$21 -> 3.6125 | H27: =H5*H$21 -> 1.9266667 | I27: =I5*I$21 -> 0 | J27: =J5*J$21 -> 0 | K27: =K5*K$21 -> 0 | L27: =L5*L$21 -> 0 | M27: =M5*M$21 -> 0
D28: =D6 -> CJ | E28: =E6*$E$21 -> 0 | F28: =F6*$F$21 -> 3.3028571 | G28: =G6*G$21 -> 3.6125 | H28: =H6*H$21 -> 0 | I28: =I6*I$21 -> 0 | J28: =J6*J$21 -> 0 | K28: =K6*K$21 -> 0 | L28: =L6*L$21 -> 0 | M28: =M6*M$21 -> 0
D29: =D7 -> HX | E29: =E7*$E$21 -> 0 | F29: =F7*$F$21 -> 0 | G29: =G7*G$21 -> 3.6125 | H29: =H7*H$21 -> 3.8533333 | I29: =I7*I$21 -> 0 | J29: =J7*J$21 -> 0 | K29: =K7*K$21 -> 0 | L29: =L7*L$21 -> 0 | M29: =M7*M$21 -> 0
D30: =D8 -> JZ | E30: =E8*$E$21 -> 0 | F30: =F8*$F$21 -> 0 | G30: =G8*G$21 -> 3.6125 | H30: =H8*H$21 -> 0 | I30: =I8*I$21 -> 0 | J30: =J8*J$21 -> 0 | K30: =K8*K$21 -> 0 | L30: =L8*L$21 -> 0 | M30: =M8*M$21 -> 0
D31: =D9 -> LW | E31: =E9*$E$21 -> 0 | F31: =F9*$F$21 -> 0 | G31: =G9*G$21 -> 0 | H31: =H9*H$21 -> 0 | I31: =I9*I$21 -> 0 | J31: =J9*J$21 -> 0 | K31: =K9*K$21 -> 0 | L31: =L9*L$21 -> 0 | M31: =M9*M$21 -> 0
D32: =D10 -> KY | E32: =E10*$E$21 -> 0 | F32: =F10*$F$21 -> 3.3028571 | G32: =G10*G$21 -> 3.6125 | H32: =H10*H$21 -> 0 | I32: =I10*I$21 -> 0 | J32: =J10*J$21 -> 0 | K32: =K10*K$21 -> 0 | L32: =L10*L$21 -> 0 | M32: =M10*M$21 -> 0
D33: =D11 -> Jit Loong | E33: =E11*$E$21 -> 0 | F33: =F11*$F$21 -> 0 | G33: =G11*G$21 -> 0 | H33: =H11*H$21 -> 0 | I33: =I11*I$21 -> 0 | J33: =J11*J$21 -> 0 | K33: =K11*K$21 -> 0 | L33: =L11*L$21 -> 0 | M33: =M11*M$21 -> 0
D34: =D12 -> Matthew | E34: =E12*$E$21 -> 0 | F34: =F12*$F$21 -> 0 | G34: =G12*G$21 -> 0 | H34: =H12*H$21 -> 0 | I34: =I12*I$21 -> 0 | J34: =J12*J$21 -> 0 | K34: =K12*K$21 -> 0 | L34: =L12*L$21 -> 0 | M34: =M12*M$21 -> 0
D35: =D13 -> Hau Jin | E35: =E13*$E$21 -> 0 | F35: =F13*$F$21 -> 0 | G35: =G13*G$21 -> 0 | H35: =H13*H$21 -> 1.9266667 | I35: =I13*I$21 -> 0 | J35: =J13*J$21 -> 0 | K35: =K13*K$21 -> 0 | L35: =L13*L$21 -> 0 | M35: =M13*M$21 -> 0
... D39: =D17 -> ZL | E39: =E17*$E$21 -> 0 | F39: =F17*$F$21 -> 0 | G39: =G17*G$21 -> 0 | H39: =H17*H$21 -> 0 | I39: =I17*I$21 -> 0 | J39: =J17*J$21 -> 0 | K39: =K17*K$21 -> 0 | L39: =L17*L$21 -> 0 | M39: =M17*M$21 -> 0
D41: Sum | E41: =SUM(E24:E39) -> 5.78 | F41: =SUM(F24:F39) -> 23.12 | G41: =SUM(G24:G39) -> 28.9 | H41: =SUM(H24:H39) -> 11.56 | I41: =SUM(I24:I39) -> 0 | J41: =SUM(J24:J39) -> 0 | K41: =SUM(K24:K39) -> 0 | L41: =SUM(L24:L39) -> 0 | M41: =SUM(M24:M39) -> 0

Sheet RSL C (Poi)
A1: Tube price | B1: 76.67 | D1: Players | E1: 45236 | F1: 45242 | G1: 45250 | H1: 45257 | O1: Pay | P1: Total | S1: Frequency
A2: No. of ball | B2: 12 | D2: Poi | E2: 1 | F2: 1 | G2: 1 | H2: 1 | O2: =D2 -> Poi | P2: =SUM(E24:M24) -> 9.5431839 | S2: =COUNT(E2:M2) -> 4
A3: Ball price | B3: =B1/B2 -> 6.3891667 | D3: ZT | E3: 1 | F3: 1 | G3: 1 | H3: 1 | O3: =D3 -> ZT | P3: =SUM(E25:M25) -> 9.5431839 | S3: =COUNT(E3:M3) -> 4
D4: YZ | E4: 1 | G4: 1 | H4: 1 | O4: =D4 -> YZ | P4: =SUM(E26:M26) -> 6.3486005 | S4: =COUNT(E4:M4) -> 3
A5: Tube Holder | B5: Poi | D5: KC | E5: 1 | F5: 1 | G5: 1 | H5: 1 | O5: =D5 -> KC | P5: =SUM(E27:M27) -> 9.5431839 | S5: =COUNT(E5:M5) -> 4
D6: CJ | E6: 1 | F6: 1 | G6: 1 | H6: 1 | O6: =D6 -> CJ | P6: =SUM(E28:M28) -> 9.5431839 | S6: =COUNT(E6:M6) -> 4
A7: Balls left | B7: =B2-SUM(E20:M20) -> 0 | D7: HX | E7: 1 | F7: 1 | O7: =D7 -> HX | P7: =SUM(E29:M29) -> 4.4724167 | S7: =COUNT(E7:M7) -> 2
D8: JZ | E8: 1 | O8: =D8 -> JZ | P8: =SUM(E30:M30) -> 1.2778333 | S8: =COUNT(E8:M8) -> 1
D9: LW | F9: 1 | G9: 1 | O9: =D9 -> LW | P9: =SUM(E31:M31) -> 4.6143981 | S9: =COUNT(E9:M9) -> 2
D10: KY | E10: 1 | F10: 1 | G10: 1 | H10: 1 | O10: =D10 -> KY | P10: =SUM(E32:M32) -> 9.5431839 | S10: =COUNT(E10:M10) -> 4
D11: Jit Loong | O11: =D11 -> Jit Loong | P11: =SUM(E33:M33) -> 0 | S11: =COUNT(E11:M11) -> 0
D12: Matthew | E12: 1 | G12: 1 | H12: 1 | O12: =D12 -> Matthew | P12: =SUM(E34:M34) -> 6.3486005 | S12: =COUNT(E12:M12) -> 3
D13: Hau Jin | O13: =D13 -> Hau Jin | P13: =SUM(E35:M35) -> 0 | S13: =COUNT(E13:M13) -> 0
D14: Kit Liang | O14: =D14 -> Kit Liang | P14: =SUM(E36:M36) -> 0 | S14: =COUNT(E14:M14) -> 0
D15: YL | E15: 1 | F15: 1 | G15: 1 | O15: =D15 -> YL | P15: =SUM(E37:M37) -> 5.8922315 | S15: =COUNT(E15:M15) -> 3
D16: YX | O16: =D16 -> YX | P16: =SUM(E38:M38) -> 0 | S16: =COUNT(E16:M16) -> 0
D17: ZL | O17: =D17 -> ZL | P17: =SUM(E39:M39) -> 0 | S17: =COUNT(E17:M17) -> 0
P18: =SUM(P2:P17) -> 76.67
D19: User | E19: =SUM(E2:E17) -> 10 | F19: =SUM(F2:F17) -> 8 | G19: =SUM(G2:G17) -> 9 | H19: =SUM(H2:H17) -> 7 | I19: =SUM(I2:I17) -> 0 | J19: =SUM(J2:J17) -> 0 | K19: =SUM(K2:K17) -> 0 | L19: =SUM(L2:L17) -> 0 | M19: =SUM(M2:M17) -> 0
D20: Ball usage | E20: 2 | F20: 4 | G20: 2 | H20: 4
D21: Weightage price | E21: =IF(E19=0, 0, $B$3*E20/E19) -> 1.2778333 | F21: =IF(F19=0, 0, $B$3*F20/F19) -> 3.1945833 | G21: =IF(G19=0, 0, $B$3*G20/G19) -> 1.4198148 | H21: =IF(H19=0, 0, $B$3*H20/H19) -> 3.6509524 | I21: =IF(I19=0, 0, $B$3*I20/I19) -> 0 | J21: =IF(J19=0, 0, $B$3*J20/J19) -> 0 | K21: =IF(K19=0, 0, $B$3*K20/K19) -> 0 | L21: =IF(L19=0, 0, $B$3*L20/L19) -> 0 | M21: =IF(M19=0, 0, $B$3*M20/M19) -> 0
D23: Pay | E23: =E1 -> 45236 | F23: =F1 -> 45242 | G23: =G1 -> 45250 | H23: =H1 -> 45257 | I23: =I1 | J23: =J1 | K23: =K1 | L23: =L1 | M23: =M1
D24: =D2 -> Poi | E24: =E2*$E$21 -> 1.2778333 | F24: =F2*$F$21 -> 3.1945833 | G24: =G2*G$21 -> 1.4198148 | H24: =H2*H$21 -> 3.6509524 | I24: =I2*I$21 -> 0 | J24: =J2*J$21 -> 0 | K24: =K2*K$21 -> 0 | L24: =L2*L$21 -> 0 | M24: =M2*M$21 -> 0
D25: =D3 -> ZT | E25: =E3*$E$21 -> 1.2778333 | F25: =F3*$F$21 -> 3.1945833 | G25: =G3*G$21 -> 1.4198148 | H25: =H3*H$21 -> 3.6509524 | I25: =I3*I$21 -> 0 | J25: =J3*J$21 -> 0 | K25: =K3*K$21 -> 0 | L25: =L3*L$21 -> 0 | M25: =M3*M$21 -> 0
D26: =D4 -> YZ | E26: =E4*$E$21 -> 1.2778333 | F26: =F4*$F$21 -> 0 | G26: =G4*G$21 -> 1.4198148 | H26: =H4*H$21 -> 3.6509524 | I26: =I4*I$21 -> 0 | J26: =J4*J$21 -> 0 | K26: =K4*K$21 -> 0 | L26: =L4*L$21 -> 0 | M26: =M4*M$21 -> 0
D27: =D5 -> KC | E27: =E5*$E$21 -> 1.2778333 | F27: =F5*$F$21 -> 3.1945833 | G27: =G5*G$21 -> 1.4198148 | H27: =H5*H$21 -> 3.6509524 | I27: =I5*I$21 -> 0 | J27: =J5*J$21 -> 0 | K27: =K5*K$21 -> 0 | L27: =L5*L$21 -> 0 | M27: =M5*M$21 -> 0
D28: =D6 -> CJ | E28: =E6*$E$21 -> 1.2778333 | F28: =F6*$F$21 -> 3.1945833 | G28: =G6*G$21 -> 1.4198148 | H28: =H6*H$21 -> 3.6509524 | I28: =I6*I$21 -> 0 | J28: =J6*J$21 -> 0 | K28: =K6*K$21 -> 0 | L28: =L6*L$21 -> 0 | M28: =M6*M$21 -> 0
D29: =D7 -> HX | E29: =E7*$E$21 -> 1.2778333 | F29: =F7*$F$21 -> 3.1945833 | G29: =G7*G$21 -> 0 | H29: =H7*H$21 -> 0 | I29: =I7*I$21 -> 0 | J29: =J7*J$21 -> 0 | K29: =K7*K$21 -> 0 | L29: =L7*L$21 -> 0 | M29: =M7*M$21 -> 0
D30: =D8 -> JZ | E30: =E8*$E$21 -> 1.2778333 | F30: =F8*$F$21 -> 0 | G30: =G8*G$21 -> 0 | H30: =H8*H$21 -> 0 | I30: =I8*I$21 -> 0 | J30: =J8*J$21 -> 0 | K30: =K8*K$21 -> 0 | L30: =L8*L$21 -> 0 | M30: =M8*M$21 -> 0
D31: =D9 -> LW | E31: =E9*$E$21 -> 0 | F31: =F9*$F$21 -> 3.1945833 | G31: =G9*G$21 -> 1.4198148 | H31: =H9*H$21 -> 0 | I31: =I9*I$21 -> 0 | J31: =J9*J$21 -> 0 | K31: =K9*K$21 -> 0 | L31: =L9*L$21 -> 0 | M31: =M9*M$21 -> 0
D32: =D10 -> KY | E32: =E10*$E$21 -> 1.2778333 | F32: =F10*$F$21 -> 3.1945833 | G32: =G10*G$21 -> 1.4198148 | H32: =H10*H$21 -> 3.6509524 | I32: =I10*I$21 -> 0 | J32: =J10*J$21 -> 0 | K32: =K10*K$21 -> 0 | L32: =L10*L$21 -> 0 | M32: =M10*M$21 -> 0
D33: =D11 -> Jit Loong | E33: =E11*$E$21 -> 0 | F33: =F11*$F$21 -> 0 | G33: =G11*G$21 -> 0 | H33: =H11*H$21 -> 0 | I33: =I11*I$21 -> 0 | J33: =J11*J$21 -> 0 | K33: =K11*K$21 -> 0 | L33: =L11*L$21 -> 0 | M33: =M11*M$21 -> 0
D34: =D12 -> Matthew | E34: =E12*$E$21 -> 1.2778333 | F34: =F12*$F$21 -> 0 | G34: =G12*G$21 -> 1.4198148 | H34: =H12*H$21 -> 3.6509524 | I34: =I12*I$21 -> 0 | J34: =J12*J$21 -> 0 | K34: =K12*K$21 -> 0 | L34: =L12*L$21 -> 0 | M34: =M12*M$21 -> 0
D35: =D13 -> Hau Jin | E35: =E13*$E$21 -> 0 | F35: =F13*$F$21 -> 0 | G35: =G13*G$21 -> 0 | H35: =H13*H$21 -> 0 | I35: =I13*I$21 -> 0 | J35: =J13*J$21 -> 0 | K35: =K13*K$21 -> 0 | L35: =L13*L$21 -> 0 | M35: =M13*M$21 -> 0
... D39: =D17 -> ZL | E39: =E17*$E$21 -> 0 | F39: =F17*$F$21 -> 0 | G39: =G17*G$21 -> 0 | H39: =H17*H$21 -> 0 | I39: =I17*I$21 -> 0 | J39: =J17*J$21 -> 0 | K39: =K17*K$21 -> 0 | L39: =L17*L$21 -> 0 | M39: =M17*M$21 -> 0
D41: Sum | E41: =SUM(E24:E39) -> 12.778333 | F41: =SUM(F24:F39) -> 25.556667 | G41: =SUM(G24:G39) -> 12.778333 | H41: =SUM(H24:H39) -> 25.556667 | I41: =SUM(I24:I39) -> 0 | J41: =SUM(J24:J39) -> 0 | K41: =SUM(K24:K39) -> 0 | L41: =SUM(L24:L39) -> 0 | M41: =SUM(M24:M39) -> 0

Sheet DimG (Poi)
A1: Tube price | B1: 86 | D1: Players | E1: 45263 | F1: 45270 | G1: 45277 | H1: 45283 | O1: Pay | P1: Total | S1: Frequency
A2: No. of ball | B2: 12 | D2: Poi | E2: 1 | F2: 1 | G2: 1 | H2: 1 | O2: =D2 -> Poi | P2: =SUM(E24:M24) -> 13.309524 | S2: =COUNT(E2:M2) -> 4
A3: Ball price | B3: =B1/B2 -> 7.1666667 | D3: ZT | F3: 1 | G3: 1 | H3: 1 | O3: =D3 -> ZT | P3: =SUM(E25:M25) -> 10.238095 | S3: =COUNT(E3:M3) -> 3
D4: YZ | F4: 1 | G4: 1 | H4: 1 | O4: =D4 -> YZ | P4: =SUM(E26:M26) -> 10.238095 | S4: =COUNT(E4:M4) -> 3
A5: Tube Holder | B5: Poi | D5: KC | E5: 1 | F5: 1 | G5: 1 | H5: 1 | O5: =D5 -> KC | P5: =SUM(E27:M27) -> 13.309524 | S5: =COUNT(E5:M5) -> 4
D6: CJ | E6: 1 | F6: 1 | G6: 1 | H6: 1 | O6: =D6 -> CJ | P6: =SUM(E28:M28) -> 13.309524 | S6: =COUNT(E6:M6) -> 4
A7: Balls left | B7: =B2-SUM(E20:M20) -> 0 | D7: HX | E7: 2 | F7: 1 | H7: 1 | O7: =D7 -> HX | P7: =SUM(E29:M29) -> 12.797619 | S7: =COUNT(E7:M7) -> 3
D8: JZ | O8: =D8 -> JZ | P8: =SUM(E30:M30) -> 0 | S8: =COUNT(E8:M8) -> 0
D9: LW | O9: =D9 -> LW | P9: =SUM(E31:M31) -> 0 | S9: =COUNT(E9:M9) -> 0
D10: KY | E10: 1 | O10: =D10 -> KY | P10: =SUM(E32:M32) -> 3.0714286 | S10: =COUNT(E10:M10) -> 1
D11: Jit Loong | O11: =D11 -> Jit Loong | P11: =SUM(E33:M33) -> 0 | S11: =COUNT(E11:M11) -> 0
D12: Matthew | E12: 1 | O12: =D12 -> Matthew | P12: =SUM(E34:M34) -> 3.0714286 | S12: =COUNT(E12:M12) -> 1
D13: Hau Jin | O13: =D13 -> Hau Jin | P13: =SUM(E35:M35) -> 0 | S13: =COUNT(E13:M13) -> 0
D14: Kit Liang | O14: =D14 -> Kit Liang | P14: =SUM(E36:M36) -> 0 | S14: =COUNT(E14:M14) -> 0
D15: YL | G15: 1 | H15: 1 | O15: =D15 -> YL | P15: =SUM(E37:M37) -> 6.6547619 | S15: =COUNT(E15:M15) -> 2
D16: YX | O16: =D16 -> YX | P16: =SUM(E38:M38) -> 0 | S16: =COUNT(E16:M16) -> 0
D17: ZL | O17: =D17 -> ZL | P17: =SUM(E39:M39) -> 0 | S17: =COUNT(E17:M17) -> 0
P18: =SUM(P2:P17) -> 86
D19: User | E19: =SUM(E2:E17) -> 7 | F19: =SUM(F2:F17) -> 6 | G19: =SUM(G2:G17) -> 6 | H19: =SUM(H2:H17) -> 7 | I19: =SUM(I2:I17) -> 0 | J19: =SUM(J2:J17) -> 0 | K19: =SUM(K2:K17) -> 0 | L19: =SUM(L2:L17) -> 0 | M19: =SUM(M2:M17) -> 0
D20: Ball usage | E20: 3 | F20: 3 | G20: 3 | H20: 3
D21: Weightage price | E21: =IF(E19=0, 0, $B$3*E20/E19) -> 3.0714286 | F21: =IF(F19=0, 0, $B$3*F20/F19) -> 3.5833333 | G21: =IF(G19=0, 0, $B$3*G20/G19) -> 3.5833333 | H21: =IF(H19=0, 0, $B$3*H20/H19) -> 3.0714286 | I21: =IF(I19=0, 0, $B$3*I20/I19) -> 0 | J21: =IF(J19=0, 0, $B$3*J20/J19) -> 0 | K21: =IF(K19=0, 0, $B$3*K20/K19) -> 0 | L21: =IF(L19=0, 0, $B$3*L20/L19) -> 0 | M21: =IF(M19=0, 0, $B$3*M20/M19) -> 0
D23: Pay | E23: =E1 -> 45263 | F23: =F1 -> 45270 | G23: =G1 -> 45277 | H23: =H1 -> 45283 | I23: =I1 | J23: =J1 | K23: =K1 | L23: =L1 | M23: =M1
D24: =D2 -> Poi | E24: =E2*$E$21 -> 3.0714286 | F24: =F2*$F$21 -> 3.5833333 | G24: =G2*G$21 -> 3.5833333 | H24: =H2*H$21 -> 3.0714286 | I24: =I2*I$21 -> 0 | J24: =J2*J$21 -> 0 | K24: =K2*K$21 -> 0 | L24: =L2*L$21 -> 0 | M24: =M2*M$21 -> 0
D25: =D3 -> ZT | E25: =E3*$E$21 -> 0 | F25: =F3*$F$21 -> 3.5833333 | G25: =G3*G$21 -> 3.5833333 | H25: =H3*H$21 -> 3.0714286 | I25: =I3*I$21 -> 0 | J25: =J3*J$21 -> 0 | K25: =K3*K$21 -> 0 | L25: =L3*L$21 -> 0 | M25: =M3*M$21 -> 0
D26: =D4 -> YZ | E26: =E4*$E$21 -> 0 | F26: =F4*$F$21 -> 3.5833333 | G26: =G4*G$21 -> 3.5833333 | H26: =H4*H$21 -> 3.0714286 | I26: =I4*I$21 -> 0 | J26: =J4*J$21 -> 0 | K26: =K4*K$21 -> 0 | L26: =L4*L$21 -> 0 | M26: =M4*M$21 -> 0
D27: =D5 -> KC | E27: =E5*$E$21 -> 3.0714286 | F27: =F5*$F$21 -> 3.5833333 | G27: =G5*G$21 -> 3.5833333 | H27: =H5*H$21 -> 3.0714286 | I27: =I5*I$21 -> 0 | J27: =J5*J$21 -> 0 | K27: =K5*K$21 -> 0 | L27: =L5*L$21 -> 0 | M27: =M5*M$21 -> 0
D28: =D6 -> CJ | E28: =E6*$E$21 -> 3.0714286 | F28: =F6*$F$21 -> 3.5833333 | G28: =G6*G$21 -> 3.5833333 | H28: =H6*H$21 -> 3.0714286 | I28: =I6*I$21 -> 0 | J28: =J6*J$21 -> 0 | K28: =K6*K$21 -> 0 | L28: =L6*L$21 -> 0 | M28: =M6*M$21 -> 0
D29: =D7 -> HX | E29: =E7*$E$21 -> 6.1428571 | F29: =F7*$F$21 -> 3.5833333 | G29: =G7*G$21 -> 0 | H29: =H7*H$21 -> 3.0714286 | I29: =I7*I$21 -> 0 | J29: =J7*J$21 -> 0 | K29: =K7*K$21 -> 0 | L29: =L7*L$21 -> 0 | M29: =M7*M$21 -> 0
D30: =D8 -> JZ | E30: =E8*$E$21 -> 0 | F30: =F8*$F$21 -> 0 | G30: =G8*G$21 -> 0 | H30: =H8*H$21 -> 0 | I30: =I8*I$21 -> 0 | J30: =J8*J$21 -> 0 | K30: =K8*K$21 -> 0 | L30: =L8*L$21 -> 0 | M30: =M8*M$21 -> 0
D31: =D9 -> LW | E31: =E9*$E$21 -> 0 | F31: =F9*$F$21 -> 0 | G31: =G9*G$21 -> 0 | H31: =H9*H$21 -> 0 | I31: =I9*I$21 -> 0 | J31: =J9*J$21 -> 0 | K31: =K9*K$21 -> 0 | L31: =L9*L$21 -> 0 | M31: =M9*M$21 -> 0
D32: =D10 -> KY | E32: =E10*$E$21 -> 3.0714286 | F32: =F10*$F$21 -> 0 | G32: =G10*G$21 -> 0 | H32: =H10*H$21 -> 0 | I32: =I10*I$21 -> 0 | J32: =J10*J$21 -> 0 | K32: =K10*K$21 -> 0 | L32: =L10*L$21 -> 0 | M32: =M10*M$21 -> 0
D33: =D11 -> Jit Loong | E33: =E11*$E$21 -> 0 | F33: =F11*$F$21 -> 0 | G33: =G11*G$21 -> 0 | H33: =H11*H$21 -> 0 | I33: =I11*I$21 -> 0 | J33: =J11*J$21 -> 0 | K33: =K11*K$21 -> 0 | L33: =L11*L$21 -> 0 | M33: =M11*M$21 -> 0
D34: =D12 -> Matthew | E34: =E12*$E$21 -> 3.0714286 | F34: =F12*$F$21 -> 0 | G34: =G12*G$21 -> 0 | H34: =H12*H$21 -> 0 | I34: =I12*I$21 -> 0 | J34: =J12*J$21 -> 0 | K34: =K12*K$21 -> 0 | L34: =L12*L$21 -> 0 | M34: =M12*M$21 -> 0
D35: =D13 -> Hau Jin | E35: =E13*$E$21 -> 0 | F35: =F13*$F$21 -> 0 | G35: =G13*G$21 -> 0 | H35: =H13*H$21 -> 0 | I35: =I13*I$21 -> 0 | J35: =J13*J$21 -> 0 | K35: =K13*K$21 -> 0 | L35: =L13*L$21 -> 0 | M35: =M13*M$21 -> 0
... D39: =D17 -> ZL | E39: =E17*$E$21 -> 0 | F39: =F17*$F$21 -> 0 | G39: =G17*G$21 -> 0 | H39: =H17*H$21 -> 0 | I39: =I17*I$21 -> 0 | J39: =J17*J$21 -> 0 | K39: =K17*K$21 -> 0 | L39: =L17*L$21 -> 0 | M39: =M17*M$21 -> 0
D41: Sum | E41: =SUM(E24:E39) -> 21.5 | F41: =SUM(F24:F39) -> 21.5 | G41: =SUM(G24:G39) -> 21.5 | H41: =SUM(H24:H39) -> 21.5 | I41: =SUM(I24:I39) -> 0 | J41: =SUM(J24:J39) -> 0 | K41: =SUM(K24:K39) -> 0 | L41: =SUM(L24:L39) -> 0 | M41: =SUM(M24:M39) -> 0

Sheet Pomax 2 (Poi)
A1: Tube price | B1: 78.41 | D1: Players | E1: 45221 | F1: 45228 | G1: 45235 | O1: Pay | P1: Total | S1: Frequency
A2: No. of ball | B2: 12 | D2: Poi | E2: 1 | F2: 1 | G2: 1 | O2: =D2 -> Poi | P2: =SUM(E24:M24) -> 8.4944167 | S2: =COUNT(E2:M2) -> 3
A3: Ball price | B3: =B1/B2 -> 6.5341667 | D3: ZT | E3: 1 | F3: 1 | G3: 1 | O3: =D3 -> ZT | P3: =SUM(E25:M25) -> 8.4944167 | S3: =COUNT(E3:M3) -> 3
D4: YZ | F4: 1 | G4: 1 | O4: =D4 -> YZ | P4: =SUM(E26:M26) -> 4.8643241 | S4: =COUNT(E4:M4) -> 2
A5: Tube Holder | B5: Poi | D5: KC | E5: 1 | F5: 1 | G5: 1 | O5: =D5 -> KC | P5: =SUM(E27:M27) -> 8.4944167 | S5: =COUNT(E5:M5) -> 3
D6: CJ | E6: 1 | F6: 1 | G6: 1 | O6: =D6 -> CJ | P6: =SUM(E28:M28) -> 8.4944167 | S6: =COUNT(E6:M6) -> 3
A7: Balls left | B7: =B2-SUM(E20:M20) -> 0 | D7: HX | F7: 1 | G7: 1 | O7: =D7 -> HX | P7: =SUM(E29:M29) -> 4.8643241 | S7: =COUNT(E7:M7) -> 2
D8: JZ | G8: 1 | O8: =D8 -> JZ | P8: =SUM(E30:M30) -> 1.96025 | S8: =COUNT(E8:M8) -> 1
D9: LW | E9: 1 | O9: =D9 -> LW | P9: =SUM(E31:M31) -> 3.6300926 | S9: =COUNT(E9:M9) -> 1
D10: KY | E10: 1 | F10: 1 | G10: 1 | O10: =D10 -> KY | P10: =SUM(E32:M32) -> 8.4944167 | S10: =COUNT(E10:M10) -> 3
D11: Jit Loong | E11: 1 | O11: =D11 -> Jit Loong | P11: =SUM(E33:M33) -> 3.6300926 | S11: =COUNT(E11:M11) -> 1
D12: Matthew | E12: 1 | F12: 1 | G12: 1 | O12: =D12 -> Matthew | P12: =SUM(E34:M34) -> 8.4944167 | S12: =COUNT(E12:M12) -> 3
D13: Hau Jin | O13: =D13 -> Hau Jin | P13: =SUM(E35:M35) -> 0 | S13: =COUNT(E13:M13) -> 0
D14: Kit Liang | O14: =D14 -> Kit Liang | P14: =SUM(E36:M36) -> 0 | S14: =COUNT(E14:M14) -> 0
D15: YL | E15: 1 | F15: 1 | G15: 1 | O15: =D15 -> YL | P15: =SUM(E37:M37) -> 8.4944167 | S15: =COUNT(E15:M15) -> 3
D16: YX | O16: =D16 -> YX | P16: =SUM(E38:M38) -> 0 | S16: =COUNT(E16:M16) -> 0
D17: ZL | O17: =D17 -> ZL | P17: =SUM(E39:M39) -> 0 | S17: =COUNT(E17:M17) -> 0
P18: =SUM(P2:P17) -> 78.41
D19: User | E19: =SUM(E2:E17) -> 9 | F19: =SUM(F2:F17) -> 9 | G19: =SUM(G2:G17) -> 10 | H19: =SUM(H2:H17) -> 0 | I19: =SUM(I2:I17) -> 0 | J19: =SUM(J2:J17) -> 0 | K19: =SUM(K2:K17) -> 0 | L19: =SUM(L2:L17) -> 0 | M19: =SUM(M2:M17) -> 0
D20: Ball usage | E20: 5 | F20: 4 | G20: 3
D21: Weightage price | E21: =IF(E19=0, 0, $B$3*E20/E19) -> 3.6300926 | F21: =IF(F19=0, 0, $B$3*F20/F19) -> 2.9040741 | G21: =IF(G19=0, 0, $B$3*G20/G19) -> 1.96025 | H21: =IF(H19=0, 0, $B$3*H20/H19) -> 0 | I21: =IF(I19=0, 0, $B$3*I20/I19) -> 0 | J21: =IF(J19=0, 0, $B$3*J20/J19) -> 0 | K21: =IF(K19=0, 0, $B$3*K20/K19) -> 0 | L21: =IF(L19=0, 0, $B$3*L20/L19) -> 0 | M21: =IF(M19=0, 0, $B$3*M20/M19) -> 0
D23: Pay | E23: =E1 -> 45221 | F23: =F1 -> 45228 | G23: =G1 -> 45235 | H23: =H1 | I23: =I1 | J23: =J1 | K23: =K1 | L23: =L1 | M23: =M1
D24: =D2 -> Poi | E24: =E2*$E$21 -> 3.6300926 | F24: =F2*$F$21 -> 2.9040741 | G24: =G2*G$21 -> 1.96025 | H24: =H2*H$21 -> 0 | I24: =I2*I$21 -> 0 | J24: =J2*J$21 -> 0 | K24: =K2*K$21 -> 0 | L24: =L2*L$21 -> 0 | M24: =M2*M$21 -> 0
D25: =D3 -> ZT | E25: =E3*$E$21 -> 3.6300926 | F25: =F3*$F$21 -> 2.9040741 | G25: =G3*G$21 -> 1.96025 | H25: =H3*H$21 -> 0 | I25: =I3*I$21 -> 0 | J25: =J3*J$21 -> 0 | K25: =K3*K$21 -> 0 | L25: =L3*L$21 -> 0 | M25: =M3*M$21 -> 0
D26: =D4 -> YZ | E26: =E4*$E$21 -> 0 | F26: =F4*$F$21 -> 2.9040741 | G26: =G4*G$21 -> 1.96025 | H26: =H4*H$21 -> 0 | I26: =I4*I$21 -> 0 | J26: =J4*J$21 -> 0 | K26: =K4*K$21 -> 0 | L26: =L4*L$21 -> 0 | M26: =M4*M$21 -> 0
D27: =D5 -> KC | E27: =E5*$E$21 -> 3.6300926 | F27: =F5*$F$21 -> 2.9040741 | G27: =G5*G$21 -> 1.96025 | H27: =H5*H$21 -> 0 | I27: =I5*I$21 -> 0 | J27: =J5*J$21 -> 0 | K27: =K5*K$21 -> 0 | L27: =L5*L$21 -> 0 | M27: =M5*M$21 -> 0
D28: =D6 -> CJ | E28: =E6*$E$21 -> 3.6300926 | F28: =F6*$F$21 -> 2.9040741 | G28: =G6*G$21 -> 1.96025 | H28: =H6*H$21 -> 0 | I28: =I6*I$21 -> 0 | J28: =J6*J$21 -> 0 | K28: =K6*K$21 -> 0 | L28: =L6*L$21 -> 0 | M28: =M6*M$21 -> 0
D29: =D7 -> HX | E29: =E7*$E$21 -> 0 | F29: =F7*$F$21 -> 2.9040741 | G29: =G7*G$21 -> 1.96025 | H29: =H7*H$21 -> 0 | I29: =I7*I$21 -> 0 | J29: =J7*J$21 -> 0 | K29: =K7*K$21 -> 0 | L29: =L7*L$21 -> 0 | M29: =M7*M$21 -> 0
D30: =D8 -> JZ | E30: =E8*$E$21 -> 0 | F30: =F8*$F$21 -> 0 | G30: =G8*G$21 -> 1.96025 | H30: =H8*H$21 -> 0 | I30: =I8*I$21 -> 0 | J30: =J8*J$21 -> 0 | K30: =K8*K$21 -> 0 | L30: =L8*L$21 -> 0 | M30: =M8*M$21 -> 0
D31: =D9 -> LW | E31: =E9*$E$21 -> 3.6300926 | F31: =F9*$F$21 -> 0 | G31: =G9*G$21 -> 0 | H31: =H9*H$21 -> 0 | I31: =I9*I$21 -> 0 | J31: =J9*J$21 -> 0 | K31: =K9*K$21 -> 0 | L31: =L9*L$21 -> 0 | M31: =M9*M$21 -> 0
D32: =D10 -> KY | E32: =E10*$E$21 -> 3.6300926 | F32: =F10*$F$21 -> 2.9040741 | G32: =G10*G$21 -> 1.96025 | H32: =H10*H$21 -> 0 | I32: =I10*I$21 -> 0 | J32: =J10*J$21 -> 0 | K32: =K10*K$21 -> 0 | L32: =L10*L$21 -> 0 | M32: =M10*M$21 -> 0
D33: =D11 -> Jit Loong | E33: =E11*$E$21 -> 3.6300926 | F33: =F11*$F$21 -> 0 | G33: =G11*G$21 -> 0 | H33: =H11*H$21 -> 0 | I33: =I11*I$21 -> 0 | J33: =J11*J$21 -> 0 | K33: =K11*K$21 -> 0 | L33: =L11*L$21 -> 0 | M33: =M11*M$21 -> 0
D34: =D12 -> Matthew | E34: =E12*$E$21 -> 3.6300926 | F34: =F12*$F$21 -> 2.9040741 | G34: =G12*G$21 -> 1.96025 | H34: =H12*H$21 -> 0 | I34: =I12*I$21 -> 0 | J34: =J12*J$21 -> 0 | K34: =K12*K$21 -> 0 | L34: =L12*L$21 -> 0 | M34: =M12*M$21 -> 0
D35: =D13 -> Hau Jin | E35: =E13*$E$21 -> 0 | F35: =F13*$F$21 -> 0 | G35: =G13*G$21 -> 0 | H35: =H13*H$21 -> 0 | I35: =I13*I$21 -> 0 | J35: =J13*J$21 -> 0 | K35: =K13*K$21 -> 0 | L35: =L13*L$21 -> 0 | M35: =M13*M$21 -> 0
... D39: =D17 -> ZL | E39: =E17*$E$21 -> 0 | F39: =F17*$F$21 -> 0 | G39: =G17*G$21 -> 0 | H39: =H17*H$21 -> 0 | I39: =I17*I$21 -> 0 | J39: =J17*J$21 -> 0 | K39: =K17*K$21 -> 0 | L39: =L17*L$21 -> 0 | M39: =M17*M$21 -> 0
D41: Sum | E41: =SUM(E24:E39) -> 32.670833 | F41: =SUM(F24:F39) -> 26.136667 | G41: =SUM(G24:G39) -> 19.6025 | H41: =SUM(H24:H39) -> 0 | I41: =SUM(I24:I39) -> 0 | J41: =SUM(J24:J39) -> 0 | K41: =SUM(K24:K39) -> 0 | L41: =SUM(L24:L39) -> 0 | M41: =SUM(M24:M39) -> 0

Sheet Pomax (Poi)
A1: Tube price | B1: 77.9 | D1: Players | E1: 45182 | F1: 45197 | G1: 45200 | H1: 45207 | I1: 45219 | O1: Pay | P1: Total | S1: Frequency
A2: No. of ball | B2: 12 | D2: Poi | E2: 1 | F2: 1 | G2: 1 | H2: 1 | I2: 1 | O2: =D2 -> Poi | P2: =SUM(E24:M24) -> 16.047203 | S2: =COUNT(E2:M2) -> 5
A3: Ball price | B3: =B1/B2 -> 6.4916667 | D3: ZT | G3: 1 | H3: 1 | O3: =D3 -> ZT | P3: =SUM(E25:M25) -> 4.5244949 | S3: =COUNT(E3:M3) -> 2
D4: YZ | F4: 1 | G4: 1 | H4: 1 | O4: =D4 -> YZ | P4: =SUM(E26:M26) -> 6.9588699 | S4: =COUNT(E4:M4) -> 3
A5: Tube Holder | B5: Poi | D5: KC | E5: 1 | F5: 1 | G5: 1 | H5: 1 | O5: =D5 -> KC | P5: =SUM(E27:M27) -> 9.5555366 | S5: =COUNT(E5:M5) -> 4
D6: CJ | G6: 1 | H6: 1 | O6: =D6 -> CJ | P6: =SUM(E28:M28) -> 4.5244949 | S6: =COUNT(E6:M6) -> 2
A7: Balls left | B7: =B2-SUM(E20:M20) -> 0 | D7: HX | E7: 2 | F7: 2 | O7: =D7 -> HX | P7: =SUM(E29:M29) -> 10.062083 | S7: =COUNT(E7:M7) -> 2
D8: JZ | G8: 1 | O8: =D8 -> JZ | P8: =SUM(E30:M30) -> 2.3606061 | S8: =COUNT(E8:M8) -> 1
D9: LW | G9: 1 | O9: =D9 -> LW | P9: =SUM(E31:M31) -> 2.3606061 | S9: =COUNT(E9:M9) -> 1
D10: KY | F10: 1 | G10: 1 | H10: 1 | O10: =D10 -> KY | P10: =SUM(E32:M32) -> 6.9588699 | S10: =COUNT(E10:M10) -> 3
D11: Jit Loong | O11: =D11 -> Jit Loong | P11: =SUM(E33:M33) -> 0 | S11: =COUNT(E11:M11) -> 0
D12: Matthew | F12: 1 | G12: 1 | O12: =D12 -> Matthew | P12: =SUM(E34:M34) -> 4.7949811 | S12: =COUNT(E12:M12) -> 2
D13: Hau Jin | O13: =D13 -> Hau Jin | P13: =SUM(E35:M35) -> 0 | S13: =COUNT(E13:M13) -> 0
D14: Kit Liang | O14: =D14 -> Kit Liang | P14: =SUM(E36:M36) -> 0 | S14: =COUNT(E14:M14) -> 0
D15: YL | E15: 1 | G15: 1 | O15: =D15 -> YL | P15: =SUM(E37:M37) -> 4.9572727 | S15: =COUNT(E15:M15) -> 2
D16: YX | F16: 1 | G16: 1 | O16: =D16 -> YX | P16: =SUM(E38:M38) -> 4.7949811 | S16: =COUNT(E16:M16) -> 2
D17: ZL | O17: =D17 -> ZL | P17: =SUM(E39:M39) -> 0 | S17: =COUNT(E17:M17) -> 0
P18: =SUM(P2:P17) -> 77.9
D19: User | E19: =SUM(E2:E17) -> 5 | F19: =SUM(F2:F17) -> 8 | G19: =SUM(G2:G17) -> 11 | H19: =SUM(H2:H17) -> 6 | I19: =SUM(I2:I17) -> 1 | J19: =SUM(J2:J17) -> 0 | K19: =SUM(K2:K17) -> 0 | L19: =SUM(L2:L17) -> 0 | M19: =SUM(M2:M17) -> 0
D20: Ball usage | E20: 2 | F20: 3 | G20: 4 | H20: 2 | I20: 1
D21: Weightage price | E21: =IF(E19=0, 0, $B$3*E20/E19) -> 2.5966667 | F21: =IF(F19=0, 0, $B$3*F20/F19) -> 2.434375 | G21: =IF(G19=0, 0, $B$3*G20/G19) -> 2.3606061 | H21: =IF(H19=0, 0, $B$3*H20/H19) -> 2.1638889 | I21: =IF(I19=0, 0, $B$3*I20/I19) -> 6.4916667 | J21: =IF(J19=0, 0, $B$3*J20/J19) -> 0 | K21: =IF(K19=0, 0, $B$3*K20/K19) -> 0 | L21: =IF(L19=0, 0, $B$3*L20/L19) -> 0 | M21: =IF(M19=0, 0, $B$3*M20/M19) -> 0
D23: Pay | E23: =E1 -> 45182 | F23: =F1 -> 45197 | G23: =G1 -> 45200 | H23: =H1 -> 45207 | I23: =I1 -> 45219 | J23: =J1 | K23: =K1 | L23: =L1 | M23: =M1
D24: =D2 -> Poi | E24: =E2*$E$21 -> 2.5966667 | F24: =F2*$F$21 -> 2.434375 | G24: =G2*G$21 -> 2.3606061 | H24: =H2*H$21 -> 2.1638889 | I24: =I2*I$21 -> 6.4916667 | J24: =J2*J$21 -> 0 | K24: =K2*K$21 -> 0 | L24: =L2*L$21 -> 0 | M24: =M2*M$21 -> 0
D25: =D3 -> ZT | E25: =E3*$E$21 -> 0 | F25: =F3*$F$21 -> 0 | G25: =G3*G$21 -> 2.3606061 | H25: =H3*H$21 -> 2.1638889 | I25: =I3*I$21 -> 0 | J25: =J3*J$21 -> 0 | K25: =K3*K$21 -> 0 | L25: =L3*L$21 -> 0 | M25: =M3*M$21 -> 0
D26: =D4 -> YZ | E26: =E4*$E$21 -> 0 | F26: =F4*$F$21 -> 2.434375 | G26: =G4*G$21 -> 2.3606061 | H26: =H4*H$21 -> 2.1638889 | I26: =I4*I$21 -> 0 | J26: =J4*J$21 -> 0 | K26: =K4*K$21 -> 0 | L26: =L4*L$21 -> 0 | M26: =M4*M$21 -> 0
D27: =D5 -> KC | E27: =E5*$E$21 -> 2.5966667 | F27: =F5*$F$21 -> 2.434375 | G27: =G5*G$21 -> 2.3606061 | H27: =H5*H$21 -> 2.1638889 | I27: =I5*I$21 -> 0 | J27: =J5*J$21 -> 0 | K27: =K5*K$21 -> 0 | L27: =L5*L$21 -> 0 | M27: =M5*M$21 -> 0
D28: =D6 -> CJ | E28: =E6*$E$21 -> 0 | F28: =F6*$F$21 -> 0 | G28: =G6*G$21 -> 2.3606061 | H28: =H6*H$21 -> 2.1638889 | I28: =I6*I$21 -> 0 | J28: =J6*J$21 -> 0 | K28: =K6*K$21 -> 0 | L28: =L6*L$21 -> 0 | M28: =M6*M$21 -> 0
D29: =D7 -> HX | E29: =E7*$E$21 -> 5.1933333 | F29: =F7*$F$21 -> 4.86875 | G29: =G7*G$21 -> 0 | H29: =H7*H$21 -> 0 | I29: =I7*I$21 -> 0 | J29: =J7*J$21 -> 0 | K29: =K7*K$21 -> 0 | L29: =L7*L$21 -> 0 | M29: =M7*M$21 -> 0
D30: =D8 -> JZ | E30: =E8*$E$21 -> 0 | F30: =F8*$F$21 -> 0 | G30: =G8*G$21 -> 2.3606061 | H30: =H8*H$21 -> 0 | I30: =I8*I$21 -> 0 | J30: =J8*J$21 -> 0 | K30: =K8*K$21 -> 0 | L30: =L8*L$21 -> 0 | M30: =M8*M$21 -> 0
D31: =D9 -> LW | E31: =E9*$E$21 -> 0 | F31: =F9*$F$21 -> 0 | G31: =G9*G$21 -> 2.3606061 | H31: =H9*H$21 -> 0 | I31: =I9*I$21 -> 0 | J31: =J9*J$21 -> 0 | K31: =K9*K$21 -> 0 | L31: =L9*L$21 -> 0 | M31: =M9*M$21 -> 0
D32: =D10 -> KY | E32: =E10*$E$21 -> 0 | F32: =F10*$F$21 -> 2.434375 | G32: =G10*G$21 -> 2.3606061 | H32: =H10*H$21 -> 2.1638889 | I32: =I10*I$21 -> 0 | J32: =J10*J$21 -> 0 | K32: =K10*K$21 -> 0 | L32: =L10*L$21 -> 0 | M32: =M10*M$21 -> 0
D33: =D11 -> Jit Loong | E33: =E11*$E$21 -> 0 | F33: =F11*$F$21 -> 0 | G33: =G11*G$21 -> 0 | H33: =H11*H$21 -> 0 | I33: =I11*I$21 -> 0 | J33: =J11*J$21 -> 0 | K33: =K11*K$21 -> 0 | L33: =L11*L$21 -> 0 | M33: =M11*M$21 -> 0
D34: =D12 -> Matthew | E34: =E12*$E$21 -> 0 | F34: =F12*$F$21 -> 2.434375 | G34: =G12*G$21 -> 2.3606061 | H34: =H12*H$21 -> 0 | I34: =I12*I$21 -> 0 | J34: =J12*J$21 -> 0 | K34: =K12*K$21 -> 0 | L34: =L12*L$21 -> 0 | M34: =M12*M$21 -> 0
D35: =D13 -> Hau Jin | E35: =E13*$E$21 -> 0 | F35: =F13*$F$21 -> 0 | G35: =G13*G$21 -> 0 | H35: =H13*H$21 -> 0 | I35: =I13*I$21 -> 0 | J35: =J13*J$21 -> 0 | K35: =K13*K$21 -> 0 | L35: =L13*L$21 -> 0 | M35: =M13*M$21 -> 0
... D39: =D17 -> ZL | E39: =E17*$E$21 -> 0 | F39: =F17*$F$21 -> 0 | G39: =G17*G$21 -> 0 | H39: =H17*H$21 -> 0 | I39: =I17*I$21 -> 0 | J39: =J17*J$21 -> 0 | K39: =K17*K$21 -> 0 | L39: =L17*L$21 -> 0 | M39: =M17*M$21 -> 0
D41: Sum | E41: =SUM(E24:E39) -> 12.983333 | F41: =SUM(F24:F39) -> 19.475 | G41: =SUM(G24:G39) -> 25.966667 | H41: =SUM(H24:H39) -> 12.983333 | I41: =SUM(I24:I39) -> 6.4916667 | J41: =SUM(J24:J39) -> 0 | K41: =SUM(K24:K39) -> 0 | L41: =SUM(L24:L39) -> 0 | M41: =SUM(M24:M39) -> 0

Sheet Total
C1: Victor | D1: RCL T2 | E1: RCL T
B2: Pay | C2: Total | D2: Total | E2: Total | H2: Pay | I2: Amount | J2: Status
B3: Poi | C3: 23.721429 | D3: 10.879611 | E3: 7.2356181 | F3: =SUM(C3:E3) -> 41.836658 | H3: Poi | I3: =SUM(F3:H3) -> 41.836658 | J3: TRUE
B4: ZT | C4: 2.6035714 | D4: 3.9041667 | E4: 5.9612431 | F4: =SUM(C4:E4) -> 12.468981 | H4: ZT | I4: =SUM(F4:H4) -> 12.468981 | J4: TRUE
B5: YZ | C5: 7.5214286 | D5: 9.3179444 | E5: 3.0585 | F5: =SUM(C5:E5) -> 19.897873 | H5: YZ | I5: =SUM(F5:H5) -> 19.897873 | J5: TRUE
B6: KC | C6: 11.571429 | D6: 10.879611 | E6: 7.2356181 | F6: =SUM(C6:E6) -> 29.686658 | H6: KC | I6: =SUM(F6:H6) -> 29.686658 | J6: TRUE
B7: CJ | C7: 2.6035714 | D7: 9.3179444 | E7: 5.9612431 | F7: =SUM(C7:E7) -> 17.882759 | H7: CJ | I7: =SUM(F7:H7) -> 17.882759 | J7: TRUE
B8: HX | C8: 5.7857143 | D8: 15.356389 | E8: 7.2356181 | F8: =SUM(C8:E8) -> 28.377721 | H8: HX | I8: =SUM(F8:H8) -> 28.377721 | J8: TRUE
B9: JZ | C9: 0 | D9: 0 | E9: 0 | F9: =SUM(C9:E9) -> 0 | H9: JZ | I9: =SUM(F9:H9) -> 0 | J9: TRUE
B10: LW | C10: 2.6035714 | D10: 1.5616667 | E10: 3.2850556 | F10: =SUM(C10:E10) -> 7.4502937 | H10: LW | I10: =SUM(F10:H10) -> 7.4502937 | J10: TRUE | M10: =I10 -> 7.4502937
B11: KY | C11: 4.9178571 | D11: 5.1535 | E11: 5.9612431 | F11: =SUM(C11:E11) -> 16.0326 | H11: KY | I11: =SUM(F11:H11) -> 16.0326 | J11: TRUE
B12: Jit Loong | C12: 0 | D12: 0 | E12: 2.039 | F12: =SUM(C12:E12) -> 2.039 | H12: Jit Loong | I12: =SUM(F12:H12) -> 2.039 | J12: TRUE | K12: 1.165 | M12: =I12+K12 -> 3.204
B13: Matthew | C13: 3.4714286 | D13: 5.4658333 | E13: 5.9612431 | F13: =SUM(C13:E13) -> 14.898505 | H13: Matthew | I13: =SUM(F13:H13) -> 14.898505 | J13: TRUE
B14: Hau Jin | C14: 4.05 | D14: 0 | E14: 0 | F14: =SUM(C14:E14) -> 4.05 | H14: Hau Jin | I14: =SUM(F14:H14) -> 4.05 | J14: TRUE | K14: 5.7903274 | L14: 3.4154167 | M14: =I14+K14+L14 -> 13.255744
B15: Kit Liang | C15: 0 | D15: 0 | E15: 0 | F15: =SUM(C15:E15) -> 0 | H15: Kit Liang | I15: =SUM(F15:H15) -> 0 | J15: TRUE | L15: 1.3661667 | M15: =L15 -> 1.3661667
B16: YL | C16: 4.05 | D16: 1.5616667 | E16: 7.2356181 | F16: =SUM(C16:E16) -> 12.847285 | H16: YL | I16: =SUM(F16:H16) -> 12.847285 | J16: TRUE
B17: YX | C17: 0 | D17: 1.5616667 | E17: 0 | F17: =SUM(C17:E17) -> 1.5616667 | H17: YX | I17: =SUM(F17:H17) -> 1.5616667 | J17: TRUE
B18: ZL | C18: 0 | D18: 0 | E18: 0 | F18: =SUM(C18:E18) -> 0 | H18: ZL | I18: =SUM(F18:H18) -> 0 | J18: TRUE
C19: 72.9 | D19: 74.96 | E19: 61.17 | F19: =SUM(C19:E19) -> 209.03

Sheet Victor (Poi)
A1: Tube price | B1: 72.9 | D1: Players | E1: 45171 | F1: 45186 | G1: 45187 | H1: 45191 | I1: 45197 | O1: Pay | P1: Total | S1: Frequency
A2: No. of ball | B2: 12 | D2: Poi | E2: 1 | F2: 1 | G2: 1 | H2: 1 | I2: 1 | O2: =D2 -> Poi | P2: =SUM(E24:M24) -> 23.721429 | S2: =COUNT(E2:M2) -> 5
A3: Ball price | B3: =B1/B2 -> 6.075 | D3: ZT | E3: 1 | O3: =D3 -> ZT | P3: =SUM(E25:M25) -> 2.6035714 | S3: =COUNT(E3:M3) -> 1
D4: YZ | E4: 1 | H4: 1 | I4: 1 | O4: =D4 -> YZ | P4: =SUM(E26:M26) -> 7.5214286 | S4: =COUNT(E4:M4) -> 3
A5: Tube Holder | B5: Poi | D5: KC | E5: 1 | F5: 1 | H5: 1 | I5: 1 | O5: =D5 -> KC | P5: =SUM(E27:M27) -> 11.571429 | S5: =COUNT(E5:M5) -> 4
D6: CJ | E6: 1 | O6: =D6 -> CJ | P6: =SUM(E28:M28) -> 2.6035714 | S6: =COUNT(E6:M6) -> 1
A7: Balls left | B7: =B2-SUM(E20:M20) -> 0 | D7: HX | F7: 1 | I7: 2 | O7: =D7 -> HX | P7: =SUM(E29:M29) -> 5.7857143 | S7: =COUNT(E7:M7) -> 2
D8: JZ | O8: =D8 -> JZ | P8: =SUM(E30:M30) -> 0 | S8: =COUNT(E8:M8) -> 0
D9: LW | E9: 1 | O9: =D9 -> LW | P9: =SUM(E31:M31) -> 2.6035714 | S9: =COUNT(E9:M9) -> 1
D10: KY | F10: 1 | I10: 1 | O10: =D10 -> KY | P10: =SUM(E32:M32) -> 4.9178571 | S10: =COUNT(E10:M10) -> 2
D11: Jit Loong | O11: =D11 -> Jit Loong | P11: =SUM(E33:M33) -> 0 | S11: =COUNT(E11:M11) -> 0
D12: Matthew | E12: 1 | I12: 1 | O12: =D12 -> Matthew | P12: =SUM(E34:M34) -> 3.4714286 | S12: =COUNT(E12:M12) -> 2
A13: =12.15/6 -> 2.025 | D13: Hau Jin | F13: 1 | O13: =D13 -> Hau Jin | P13: =SUM(E35:M35) -> 4.05 | S13: =COUNT(E13:M13) -> 1
D14: Kit Liang | O14: =D14 -> Kit Liang | P14: =SUM(E36:M36) -> 0 | S14: =COUNT(E14:M14) -> 0
D15: YL | F15: 1 | O15: =D15 -> YL | P15: =SUM(E37:M37) -> 4.05 | S15: =COUNT(E15:M15) -> 1
D16: YX | O16: =D16 -> YX | P16: =SUM(E38:M38) -> 0 | S16: =COUNT(E16:M16) -> 0
D17: ZL | O17: =D17 -> ZL | P17: =SUM(E39:M39) -> 0 | S17: =COUNT(E17:M17) -> 0
P18: =SUM(P2:P17) -> 72.9 | Q18: Total
D19: User | E19: =SUM(E2:E17) -> 7 | F19: =SUM(F2:F17) -> 6 | G19: =SUM(G2:G17) -> 1 | H19: =SUM(H2:H17) -> 3 | I19: =SUM(I2:I17) -> 7 | J19: =SUM(J2:J17) -> 0 | K19: =SUM(K2:K17) -> 0 | L19: =SUM(L2:L17) -> 0 | M19: =SUM(M2:M17) -> 0
D20: Ball usage | E20: 3 | F20: 4 | G20: 2 | H20: 2 | I20: 1
D21: Weightage price | E21: =IF(E19=0, 0, $B$3*E20/E19) -> 2.6035714 | F21: =IF(F19=0, 0, $B$3*F20/F19) -> 4.05 | G21: =IF(G19=0, 0, $B$3*G20/G19) -> 12.15 | H21: =IF(H19=0, 0, $B$3*H20/H19) -> 4.05 | I21: =IF(I19=0, 0, $B$3*I20/I19) -> 0.86785714 | J21: =IF(J19=0, 0, $B$3*J20/J19) -> 0 | K21: =IF(K19=0, 0, $B$3*K20/K19) -> 0 | L21: =IF(L19=0, 0, $B$3*L20/L19) -> 0 | M21: =IF(M19=0, 0, $B$3*M20/M19) -> 0
D23: Pay | E23: =E1 -> 45171 | F23: =F1 -> 45186 | G23: =G1 -> 45187 | H23: =H1 -> 45191 | I23: =I1 -> 45197 | J23: =J1 | K23: =K1 | L23: =L1 | M23: =M1
D24: =D2 -> Poi | E24: =E2*$E$21 -> 2.6035714 | F24: =F2*$F$21 -> 4.05 | G24: =G2*G$21 -> 12.15 | H24: =H2*H$21 -> 4.05 | I24: =I2*I$21 -> 0.86785714 | J24: =J2*J$21 -> 0 | K24: =K2*K$21 -> 0 | L24: =L2*L$21 -> 0 | M24: =M2*M$21 -> 0
D25: =D3 -> ZT | E25: =E3*$E$21 -> 2.6035714 | F25: =F3*$F$21 -> 0 | G25: =G3*G$21 -> 0 | H25: =H3*H$21 -> 0 | I25: =I3*I$21 -> 0 | J25: =J3*J$21 -> 0 | K25: =K3*K$21 -> 0 | L25: =L3*L$21 -> 0 | M25: =M3*M$21 -> 0
D26: =D4 -> YZ | E26: =E4*$E$21 -> 2.6035714 | F26: =F4*$F$21 -> 0 | G26: =G4*G$21 -> 0 | H26: =H4*H$21 -> 4.05 | I26: =I4*I$21 -> 0.86785714 | J26: =J4*J$21 -> 0 | K26: =K4*K$21 -> 0 | L26: =L4*L$21 -> 0 | M26: =M4*M$21 -> 0
D27: =D5 -> KC | E27: =E5*$E$21 -> 2.6035714 | F27: =F5*$F$21 -> 4.05 | G27: =G5*G$21 -> 0 | H27: =H5*H$21 -> 4.05 | I27: =I5*I$21 -> 0.86785714 | J27: =J5*J$21 -> 0 | K27: =K5*K$21 -> 0 | L27: =L5*L$21 -> 0 | M27: =M5*M$21 -> 0
D28: =D6 -> CJ | E28: =E6*$E$21 -> 2.6035714 | F28: =F6*$F$21 -> 0 | G28: =G6*G$21 -> 0 | H28: =H6*H$21 -> 0 | I28: =I6*I$21 -> 0 | J28: =J6*J$21 -> 0 | K28: =K6*K$21 -> 0 | L28: =L6*L$21 -> 0 | M28: =M6*M$21 -> 0
D29: =D7 -> HX | E29: =E7*$E$21 -> 0 | F29: =F7*$F$21 -> 4.05 | G29: =G7*G$21 -> 0 | H29: =H7*H$21 -> 0 | I29: =I7*I$21 -> 1.7357143 | J29: =J7*J$21 -> 0 | K29: =K7*K$21 -> 0 | L29: =L7*L$21 -> 0 | M29: =M7*M$21 -> 0
D30: =D8 -> JZ | E30: =E8*$E$21 -> 0 | F30: =F8*$F$21 -> 0 | G30: =G8*G$21 -> 0 | H30: =H8*H$21 -> 0 | I30: =I8*I$21 -> 0 | J30: =J8*J$21 -> 0 | K30: =K8*K$21 -> 0 | L30: =L8*L$21 -> 0 | M30: =M8*M$21 -> 0
D31: =D9 -> LW | E31: =E9*$E$21 -> 2.6035714 | F31: =F9*$F$21 -> 0 | G31: =G9*G$21 -> 0 | H31: =H9*H$21 -> 0 | I31: =I9*I$21 -> 0 | J31: =J9*J$21 -> 0 | K31: =K9*K$21 -> 0 | L31: =L9*L$21 -> 0 | M31: =M9*M$21 -> 0
D32: =D10 -> KY | E32: =E10*$E$21 -> 0 | F32: =F10*$F$21 -> 4.05 | G32: =G10*G$21 -> 0 | H32: =H10*H$21 -> 0 | I32: =I10*I$21 -> 0.86785714 | J32: =J10*J$21 -> 0 | K32: =K10*K$21 -> 0 | L32: =L10*L$21 -> 0 | M32: =M10*M$21 -> 0
D33: =D11 -> Jit Loong | E33: =E11*$E$21 -> 0 | F33: =F11*$F$21 -> 0 | G33: =G11*G$21 -> 0 | H33: =H11*H$21 -> 0 | I33: =I11*I$21 -> 0 | J33: =J11*J$21 -> 0 | K33: =K11*K$21 -> 0 | L33: =L11*L$21 -> 0 | M33: =M11*M$21 -> 0
D34: =D12 -> Matthew | E34: =E12*$E$21 -> 2.6035714 | F34: =F12*$F$21 -> 0 | G34: =G12*G$21 -> 0 | H34: =H12*H$21 -> 0 | I34: =I12*I$21 -> 0.86785714 | J34: =J12*J$21 -> 0 | K34: =K12*K$21 -> 0 | L34: =L12*L$21 -> 0 | M34: =M12*M$21 -> 0
D35: =D13 -> Hau Jin | E35: =E13*$E$21 -> 0 | F35: =F13*$F$21 -> 4.05 | G35: =G13*G$21 -> 0 | H35: =H13*H$21 -> 0 | I35: =I13*I$21 -> 0 | J35: =J13*J$21 -> 0 | K35: =K13*K$21 -> 0 | L35: =L13*L$21 -> 0 | M35: =M13*M$21 -> 0
... D39: =D17 -> ZL | E39: =E17*$E$21 -> 0 | F39: =F17*$F$21 -> 0 | G39: =G17*G$21 -> 0 | H39: =H17*H$21 -> 0 | I39: =I17*I$21 -> 0 | J39: =J17*J$21 -> 0 | K39: =K17*K$21 -> 0 | L39: =L17*L$21 -> 0 | M39: =M17*M$21 -> 0
D41: Sum | E41: =SUM(E24:E39) -> 18.225 | F41: =SUM(F24:F39) -> 24.3 | G41: =SUM(G24:G39) -> 12.15 | H41: =SUM(H24:H39) -> 12.15 | I41: =SUM(I24:I39) -> 6.075 | J41: =SUM(J24:J39) -> 0 | K41: =SUM(K24:K39) -> 0 | L41: =SUM(L24:L39) -> 0 | M41: =SUM(M24:M39) -> 0

Sheet RCL T2 (Poi)
A1: Tube price | B1: 74.96 | D1: Players | E1: 45123 | F1: 45149 | G1: 45151 | H1: 45158 | I1: 45197 | O1: Pay | P1: Total | S1: Frequency
A2: No. of ball | B2: 12 | D2: Poi | E2: 1 | F2: 1 | G2: 1 | H2: 1 | I2: 1 | O2: =D2 -> Poi | P2: =SUM(E24:M24) -> 10.879611 | S2: =COUNT(E2:M2) -> 5
A3: Ball price | B3: =B1/B2 -> 6.2466667 | D3: ZT | E3: 1 | G3: 1 | O3: =D3 -> ZT | P3: =SUM(E25:M25) -> 3.9041667 | S3: =COUNT(E3:M3) -> 2
D4: YZ | F4: 1 | G4: 1 | H4: 1 | I4: 1 | O4: =D4 -> YZ | P4: =SUM(E26:M26) -> 9.3179444 | S4: =COUNT(E4:M4) -> 4
A5: Tube Holder | B5: Poi | D5: KC | E5: 1 | F5: 1 | G5: 1 | H5: 1 | I5: 1 | O5: =D5 -> KC | P5: =SUM(E27:M27) -> 10.879611 | S5: =COUNT(E5:M5) -> 5
D6: CJ | E6: 1 | F6: 1 | G6: 1 | H6: 1 | O6: =D6 -> CJ | P6: =SUM(E28:M28) -> 9.3179444 | S6: =COUNT(E6:M6) -> 4
A7: Balls left | B7: =B2-SUM(E20:M20) -> 0 | D7: HX | E7: 1 | F7: 2 | G7: 1 | I7: 2 | O7: =D7 -> HX | P7: =SUM(E29:M29) -> 15.356389 | S7: =COUNT(E7:M7) -> 4
D8: JZ | O8: =D8 -> JZ | P8: =SUM(E30:M30) -> 0 | S8: =COUNT(E8:M8) -> 0
D9: LW | E9: 1 | O9: =D9 -> LW | P9: =SUM(E31:M31) -> 1.5616667 | S9: =COUNT(E9:M9) -> 1
D10: KY | G10: 1 | H10: 1 | I10: 1 | O10: =D10 -> KY | P10: =SUM(E32:M32) -> 5.1535 | S10: =COUNT(E10:M10) -> 3
D11: Jit Loong | O11: =D11 -> Jit Loong | P11: =SUM(E33:M33) -> 0 | S11: =COUNT(E11:M11) -> 0
D12: Matthew | E12: 1 | G12: 1 | I12: 1 | O12: =D12 -> Matthew | P12: =SUM(E34:M34) -> 5.4658333 | S12: =COUNT(E12:M12) -> 3
D13: Hau Jin | O13: =D13 -> Hau Jin | P13: =SUM(E35:M35) -> 0 | S13: =COUNT(E13:M13) -> 0
D14: Kit Liang | O14: =D14 -> Kit Liang | P14: =SUM(E36:M36) -> 0 | S14: =COUNT(E14:M14) -> 0
D15: YL | E15: 1 | O15: =D15 -> YL | P15: =SUM(E37:M37) -> 1.5616667 | S15: =COUNT(E15:M15) -> 1
D16: YX | I16: 1 | O16: =D16 -> YX | P16: =SUM(E38:M38) -> 1.5616667 | S16: =COUNT(E16:M16) -> 1
D17: ZL | O17: =D17 -> ZL | P17: =SUM(E39:M39) -> 0 | S17: =COUNT(E17:M17) -> 0
P18: =SUM(P2:P17) -> 74.96 | Q18: Total
D19: User | E19: =SUM(E2:E17) -> 8 | F19: =SUM(F2:F17) -> 6 | G19: =SUM(G2:G17) -> 8 | H19: =SUM(H2:H17) -> 5 | I19: =SUM(I2:I17) -> 8 | J19: =SUM(J2:J17) -> 0 | K19: =SUM(K2:K17) -> 0 | L19: =SUM(L2:L17) -> 0 | M19: =SUM(M2:M17) -> 0
D20: Ball usage | E20: 2 | F20: 4 | G20: 3 | H20: 1 | I20: 2
D21: Weightage price | E21: =IF(E19=0, 0, $B$3*E20/E19) -> 1.5616667 | F21: =IF(F19=0, 0, $B$3*F20/F19) -> 4.1644444 | G21: =IF(G19=0, 0, $B$3*G20/G19) -> 2.3425 | H21: =IF(H19=0, 0, $B$3*H20/H19) -> 1.2493333 | I21: =IF(I19=0, 0, $B$3*I20/I19) -> 1.5616667 | J21: =IF(J19=0, 0, $B$3*J20/J19) -> 0 | K21: =IF(K19=0, 0, $B$3*K20/K19) -> 0 | L21: =IF(L19=0, 0, $B$3*L20/L19) -> 0 | M21: =IF(M19=0, 0, $B$3*M20/M19) -> 0
D23: Pay | E23: =E1 -> 45123 | F23: =F1 -> 45149 | G23: =G1 -> 45151 | H23: =H1 -> 45158 | I23: =I1 -> 45197 | J23: =J1 | K23: =K1 | L23: =L1 | M23: =M1
D24: =D2 -> Poi | E24: =E2*$E$21 -> 1.5616667 | F24: =F2*$F$21 -> 4.1644444 | G24: =G2*G$21 -> 2.3425 | H24: =H2*H$21 -> 1.2493333 | I24: =I2*I$21 -> 1.5616667 | J24: =J2*J$21 -> 0 | K24: =K2*K$21 -> 0 | L24: =L2*L$21 -> 0 | M24: =M2*M$21 -> 0
D25: =D3 -> ZT | E25: =E3*$E$21 -> 1.5616667 | F25: =F3*$F$21 -> 0 | G25: =G3*G$21 -> 2.3425 | H25: =H3*H$21 -> 0 | I25: =I3*I$21 -> 0 | J25: =J3*J$21 -> 0 | K25: =K3*K$21 -> 0 | L25: =L3*L$21 -> 0 | M25: =M3*M$21 -> 0
D26: =D4 -> YZ | E26: =E4*$E$21 -> 0 | F26: =F4*$F$21 -> 4.1644444 | G26: =G4*G$21 -> 2.3425 | H26: =H4*H$21 -> 1.2493333 | I26: =I4*I$21 -> 1.5616667 | J26: =J4*J$21 -> 0 | K26: =K4*K$21 -> 0 | L26: =L4*L$21 -> 0 | M26: =M4*M$21 -> 0
D27: =D5 -> KC | E27: =E5*$E$21 -> 1.5616667 | F27: =F5*$F$21 -> 4.1644444 | G27: =G5*G$21 -> 2.3425 | H27: =H5*H$21 -> 1.2493333 | I27: =I5*I$21 -> 1.5616667 | J27: =J5*J$21 -> 0 | K27: =K5*K$21 -> 0 | L27: =L5*L$21 -> 0 | M27: =M5*M$21 -> 0
D28: =D6 -> CJ | E28: =E6*$E$21 -> 1.5616667 | F28: =F6*$F$21 -> 4.1644444 | G28: =G6*G$21 -> 2.3425 | H28: =H6*H$21 -> 1.2493333 | I28: =I6*I$21 -> 0 | J28: =J6*J$21 -> 0 | K28: =K6*K$21 -> 0 | L28: =L6*L$21 -> 0 | M28: =M6*M$21 -> 0
D29: =D7 -> HX | E29: =E7*$E$21 -> 1.5616667 | F29: =F7*$F$21 -> 8.3288889 | G29: =G7*G$21 -> 2.3425 | H29: =H7*H$21 -> 0 | I29: =I7*I$21 -> 3.1233333 | J29: =J7*J$21 -> 0 | K29: =K7*K$21 -> 0 | L29: =L7*L$21 -> 0 | M29: =M7*M$21 -> 0
D30: =D8 -> JZ | E30: =E8*$E$21 -> 0 | F30: =F8*$F$21 -> 0 | G30: =G8*G$21 -> 0 | H30: =H8*H$21 -> 0 | I30: =I8*I$21 -> 0 | J30: =J8*J$21 -> 0 | K30: =K8*K$21 -> 0 | L30: =L8*L$21 -> 0 | M30: =M8*M$21 -> 0
D31: =D9 -> LW | E31: =E9*$E$21 -> 1.5616667 | F31: =F9*$F$21 -> 0 | G31: =G9*G$21 -> 0 | H31: =H9*H$21 -> 0 | I31: =I9*I$21 -> 0 | J31: =J9*J$21 -> 0 | K31: =K9*K$21 -> 0 | L31: =L9*L$21 -> 0 | M31: =M9*M$21 -> 0
D32: =D10 -> KY | E32: =E10*$E$21 -> 0 | F32: =F10*$F$21 -> 0 | G32: =G10*G$21 -> 2.3425 | H32: =H10*H$21 -> 1.2493333 | I32: =I10*I$21 -> 1.5616667 | J32: =J10*J$21 -> 0 | K32: =K10*K$21 -> 0 | L32: =L10*L$21 -> 0 | M32: =M10*M$21 -> 0
D33: =D11 -> Jit Loong | E33: =E11*$E$21 -> 0 | F33: =F11*$F$21 -> 0 | G33: =G11*G$21 -> 0 | H33: =H11*H$21 -> 0 | I33: =I11*I$21 -> 0 | J33: =J11*J$21 -> 0 | K33: =K11*K$21 -> 0 | L33: =L11*L$21 -> 0 | M33: =M11*M$21 -> 0
D34: =D12 -> Matthew | E34: =E12*$E$21 -> 1.5616667 | F34: =F12*$F$21 -> 0 | G34: =G12*G$21 -> 2.3425 | H34: =H12*H$21 -> 0 | I34: =I12*I$21 -> 1.5616667 | J34: =J12*J$21 -> 0 | K34: =K12*K$21 -> 0 | L34: =L12*L$21 -> 0 | M34: =M12*M$21 -> 0
D35: =D13 -> Hau Jin | E35: =E13*$E$21 -> 0 | F35: =F13*$F$21 -> 0 | G35: =G13*G$21 -> 0 | H35: =H13*H$21 -> 0 | I35: =I13*I$21 -> 0 | J35: =J13*J$21 -> 0 | K35: =K13*K$21 -> 0 | L35: =L13*L$21 -> 0 | M35: =M13*M$21 -> 0
... D39: =D17 -> ZL | E39: =E17*$E$21 -> 0 | F39: =F17*$F$21 -> 0 | G39: =G17*G$21 -> 0 | H39: =H17*H$21 -> 0 | I39: =I17*I$21 -> 0 | J39: =J17*J$21 -> 0 | K39: =K17*K$21 -> 0 | L39: =L17*L$21 -> 0 | M39: =M17*M$21 -> 0
D41: Sum | E41: =SUM(E24:E39) -> 12.493333 | F41: =SUM(F24:F39) -> 24.986667 | G41: =SUM(G24:G39) -> 18.74 | H41: =SUM(H24:H39) -> 6.2466667 | I41: =SUM(I24:I39) -> 12.493333 | J41: =SUM(J24:J39) -> 0 | K41: =SUM(K24:K39) -> 0 | L41: =SUM(L24:L39) -> 0 | M41: =SUM(M24:M39) -> 0

Sheet RCL T (Poi)
A1: Tube price | B1: 61.17 | D1: Players | E1: 45116 | F1: 45130 | G1: 45137 | H1: 45142 | I1: 45144 | O1: Pay | P1: Total | S1: Frequency
A2: No. of ball | B2: 12 | D2: Poi | E2: 1 | F2: 1 | G2: 1 | H2: 1 | I2: 1 | O2: =D2 -> Poi | P2: =SUM(E24:M24) -> 7.2356181 | S2: =COUNT(E2:M2) -> 5
A3: Ball price | B3: =B1/B2 -> 5.0975 | D3: ZT | E3: 1 | F3: 1 | G3: 1 | I3: 1 | O3: =D3 -> ZT | P3: =SUM(E25:M25) -> 5.9612431 | S3: =COUNT(E3:M3) -> 4
D4: YZ | F4: 1 | G4: 1 | O4: =D4 -> YZ | P4: =SUM(E26:M26) -> 3.0585 | S4: =COUNT(E4:M4) -> 2
A5: Tube Holder | B5: Poi | D5: KC | E5: 1 | F5: 1 | G5: 1 | H5: 1 | I5: 1 | O5: =D5 -> KC | P5: =SUM(E27:M27) -> 7.2356181 | S5: =COUNT(E5:M5) -> 5
D6: CJ | E6: 1 | F6: 1 | G6: 1 | I6: 1 | O6: =D6 -> CJ | P6: =SUM(E28:M28) -> 5.9612431 | S6: =COUNT(E6:M6) -> 4
A7: Balls left | B7: =B2-SUM(E20:M20) -> 0 | D7: HX | E7: 1 | F7: 1 | G7: 1 | H7: 1 | I7: 1 | O7: =D7 -> HX | P7: =SUM(E29:M29) -> 7.2356181 | S7: =COUNT(E7:M7) -> 5
D8: JZ | O8: =D8 -> JZ | P8: =SUM(E30:M30) -> 0 | S8: =COUNT(E8:M8) -> 0
D9: LW | G9: 1 | I9: 1 | O9: =D9 -> LW | P9: =SUM(E31:M31) -> 3.2850556 | S9: =COUNT(E9:M9) -> 2
D10: KY | E10: 1 | F10: 1 | G10: 1 | I10: 1 | O10: =D10 -> KY | P10: =SUM(E32:M32) -> 5.9612431 | S10: =COUNT(E10:M10) -> 4
D11: Jit Loong | F11: 1 | O11: =D11 -> Jit Loong | P11: =SUM(E33:M33) -> 2.039 | S11: =COUNT(E11:M11) -> 1
D12: Matthew | E12: 1 | F12: 1 | G12: 1 | I12: 1 | O12: =D12 -> Matthew | P12: =SUM(E34:M34) -> 5.9612431 | S12: =COUNT(E12:M12) -> 4
D13: Hau Jin | O13: =D13 -> Hau Jin | P13: =SUM(E35:M35) -> 0 | S13: =COUNT(E13:M13) -> 0
D14: Kit Liang | O14: =D14 -> Kit Liang | P14: =SUM(E36:M36) -> 0 | S14: =COUNT(E14:M14) -> 0
D15: YL | E15: 1 | F15: 1 | G15: 1 | H15: 1 | I15: 1 | O15: =D15 -> YL | P15: =SUM(E37:M37) -> 7.2356181 | S15: =COUNT(E15:M15) -> 5
D16: TM | O16: =D16 -> TM | P16: =SUM(E38:M38) -> 0 | S16: =COUNT(E16:M16) -> 0
D17: ZL | O17: =D17 -> ZL | P17: =SUM(E39:M39) -> 0 | S17: =COUNT(E17:M17) -> 0
P18: =SUM(P2:P17) -> 61.17 | Q18: Total
D19: User | E19: =SUM(E2:E17) -> 8 | F19: =SUM(F2:F17) -> 10 | G19: =SUM(G2:G17) -> 10 | H19: =SUM(H2:H17) -> 4 | I19: =SUM(I2:I17) -> 9 | J19: =SUM(J2:J17) -> 0 | K19: =SUM(K2:K17) -> 0 | L19: =SUM(L2:L17) -> 0 | M19: =SUM(M2:M17) -> 0
D20: Ball usage | E20: 1 | F20: 4 | G20: 2 | H20: 1 | I20: 4
D21: Weightage price | E21: =IF(E19=0, 0, $B$3*E20/E19) -> 0.6371875 | F21: =IF(F19=0, 0, $B$3*F20/F19) -> 2.039 | G21: =IF(G19=0, 0, $B$3*G20/G19) -> 1.0195 | H21: =IF(H19=0, 0, $B$3*H20/H19) -> 1.274375 | I21: =IF(I19=0, 0, $B$3*I20/I19) -> 2.2655556 | J21: =IF(J19=0, 0, $B$3*J20/J19) -> 0 | K21: =IF(K19=0, 0, $B$3*K20/K19) -> 0 | L21: =IF(L19=0, 0, $B$3*L20/L19) -> 0 | M21: =IF(M19=0, 0, $B$3*M20/M19) -> 0
D23: Pay | E23: =E1 -> 45116 | F23: =F1 -> 45130 | G23: =G1 -> 45137 | H23: =H1 -> 45142 | I23: =I1 -> 45144 | J23: =J1 | K23: =K1 | L23: =L1 | M23: =M1
D24: =D2 -> Poi | E24: =E2*$E$21 -> 0.6371875 | F24: =F2*$F$21 -> 2.039 | G24: =G2*G$21 -> 1.0195 | H24: =H2*H$21 -> 1.274375 | I24: =I2*I$21 -> 2.2655556 | J24: =J2*J$21 -> 0 | K24: =K2*K$21 -> 0 | L24: =L2*L$21 -> 0 | M24: =M2*M$21 -> 0
D25: =D3 -> ZT | E25: =E3*$E$21 -> 0.6371875 | F25: =F3*$F$21 -> 2.039 | G25: =G3*G$21 -> 1.0195 | H25: =H3*H$21 -> 0 | I25: =I3*I$21 -> 2.2655556 | J25: =J3*J$21 -> 0 | K25: =K3*K$21 -> 0 | L25: =L3*L$21 -> 0 | M25: =M3*M$21 -> 0
D26: =D4 -> YZ | E26: =E4*$E$21 -> 0 | F26: =F4*$F$21 -> 2.039 | G26: =G4*G$21 -> 1.0195 | H26: =H4*H$21 -> 0 | I26: =I4*I$21 -> 0 | J26: =J4*J$21 -> 0 | K26: =K4*K$21 -> 0 | L26: =L4*L$21 -> 0 | M26: =M4*M$21 -> 0
D27: =D5 -> KC | E27: =E5*$E$21 -> 0.6371875 | F27: =F5*$F$21 -> 2.039 | G27: =G5*G$21 -> 1.0195 | H27: =H5*H$21 -> 1.274375 | I27: =I5*I$21 -> 2.2655556 | J27: =J5*J$21 -> 0 | K27: =K5*K$21 -> 0 | L27: =L5*L$21 -> 0 | M27: =M5*M$21 -> 0
D28: =D6 -> CJ | E28: =E6*$E$21 -> 0.6371875 | F28: =F6*$F$21 -> 2.039 | G28: =G6*G$21 -> 1.0195 | H28: =H6*H$21 -> 0 | I28: =I6*I$21 -> 2.2655556 | J28: =J6*J$21 -> 0 | K28: =K6*K$21 -> 0 | L28: =L6*L$21 -> 0 | M28: =M6*M$21 -> 0
D29: =D7 -> HX | E29: =E7*$E$21 -> 0.6371875 | F29: =F7*$F$21 -> 2.039 | G29: =G7*G$21 -> 1.0195 | H29: =H7*H$21 -> 1.274375 | I29: =I7*I$21 -> 2.2655556 | J29: =J7*J$21 -> 0 | K29: =K7*K$21 -> 0 | L29: =L7*L$21 -> 0 | M29: =M7*M$21 -> 0
D30: =D8 -> JZ | E30: =E8*$E$21 -> 0 | F30: =F8*$F$21 -> 0 | G30: =G8*G$21 -> 0 | H30: =H8*H$21 -> 0 | I30: =I8*I$21 -> 0 | J30: =J8*J$21 -> 0 | K30: =K8*K$21 -> 0 | L30: =L8*L$21 -> 0 | M30: =M8*M$21 -> 0
D31: =D9 -> LW | E31: =E9*$E$21 -> 0 | F31: =F9*$F$21 -> 0 | G31: =G9*G$21 -> 1.0195 | H31: =H9*H$21 -> 0 | I31: =I9*I$21 -> 2.2655556 | J31: =J9*J$21 -> 0 | K31: =K9*K$21 -> 0 | L31: =L9*L$21 -> 0 | M31: =M9*M$21 -> 0
D32: =D10 -> KY | E32: =E10*$E$21 -> 0.6371875 | F32: =F10*$F$21 -> 2.039 | G32: =G10*G$21 -> 1.0195 | H32: =H10*H$21 -> 0 | I32: =I10*I$21 -> 2.2655556 | J32: =J10*J$21 -> 0 | K32: =K10*K$21 -> 0 | L32: =L10*L$21 -> 0 | M32: =M10*M$21 -> 0
D33: =D11 -> Jit Loong | E33: =E11*$E$21 -> 0 | F33: =F11*$F$21 -> 2.039 | G33: =G11*G$21 -> 0 | H33: =H11*H$21 -> 0 | I33: =I11*I$21 -> 0 | J33: =J11*J$21 -> 0 | K33: =K11*K$21 -> 0 | L33: =L11*L$21 -> 0 | M33: =M11*M$21 -> 0
D34: Matthew | E34: =E12*$E$21 -> 0.6371875 | F34: =F12*$F$21 -> 2.039 | G34: =G12*G$21 -> 1.0195 | H34: =H12*H$21 -> 0 | I34: =I12*I$21 -> 2.2655556 | J34: =J12*J$21 -> 0 | K34: =K12*K$21 -> 0 | L34: =L12*L$21 -> 0 | M34: =M12*M$21 -> 0
D35: HJ | E35: =E13*$E$21 -> 0 | F35: =F13*$F$21 -> 0 | G35: =G13*G$21 -> 0 | H35: =H13*H$21 -> 0 | I35: =I13*I$21 -> 0 | J35: =J13*J$21 -> 0 | K35: =K13*K$21 -> 0 | L35: =L13*L$21 -> 0 | M35: =M13*M$21 -> 0
D36: KL | E36: =E14*$E$21 -> 0 | F36: =F14*$F$21 -> 0 | G36: =G14*G$21 -> 0 | H36: =H14*H$21 -> 0 | I36: =I14*I$21 -> 0 | J36: =J14*J$21 -> 0 | K36: =K14*K$21 -> 0 | L36: =L14*L$21 -> 0 | M36: =M14*M$21 -> 0
D37: YL | E37: =E15*$E$21 -> 0.6371875 | F37: =F15*$F$21 -> 2.039 | G37: =G15*G$21 -> 1.0195 | H37: =H15*H$21 -> 1.274375 | I37: =I15*I$21 -> 2.2655556 | J37: =J15*J$21 -> 0 | K37: =K15*K$21 -> 0 | L37: =L15*L$21 -> 0 | M37: =M15*M$21 -> 0
D38: Jess | E38: =E16*$E$21 -> 0 | F38: =F16*$F$21 -> 0 | G38: =G16*G$21 -> 0 | H38: =H16*H$21 -> 0 | I38: =I16*I$21 -> 0 | J38: =J16*J$21 -> 0 | K38: =K16*K$21 -> 0 | L38: =L16*L$21 -> 0 | M38: =M16*M$21 -> 0
D39: ZL | E39: =E17*$E$21 -> 0 | F39: =F17*$F$21 -> 0 | G39: =G17*G$21 -> 0 | H39: =H17*H$21 -> 0 | I39: =I17*I$21 -> 0 | J39: =J17*J$21 -> 0 | K39: =K17*K$21 -> 0 | L39: =L17*L$21 -> 0 | M39: =M17*M$21 -> 0
D41: Sum | E41: =SUM(E24:E39) -> 5.0975 | F41: =SUM(F24:F39) -> 20.39 | G41: =SUM(G24:G39) -> 10.195 | H41: =SUM(H24:H39) -> 5.0975 | I41: =SUM(I24:I39) -> 20.39 | J41: =SUM(J24:J39) -> 0 | K41: =SUM(K24:K39) -> 0 | L41: =SUM(L24:L39) -> 0 | M41: =SUM(M24:M39) -> 0

Sheet 2nd (Poi)
B1: 89.4 | D1: Players | E1: 45011 | F1: 45034 | G1: 45039 | H1: 45046 | I1: 45050 | J1: 45051 | K1: 45057 | L1: 45066 | M1: 45113 | N1: 45118 | O1: 45121 | P1: 45156 | Q1: 45171 | R1: 45182 | T1: Pay | U1: Total
A2: No. of ball | B2: 30 | D2: Poi | E2: 1 | F2: 1 | G2: 1 | H2: 1 | I2: 1 | J2: 1 | K2: 1 | L2: 1 | M2: 1 | N2: 1 | O2: 1 | P2: 1 | Q2: 1 | R2: 1 | T2: =D2 -> Poi | U2: =SUM(E24:R24) -> 27.075429
A3: Ball price | B3: =B1/B2 -> 2.98 | D3: ZT | G3: 1 | Q3: 1 | T3: =D3 -> ZT | U3: =SUM(E25:R25) -> 2.8380952
D4: YZ | F4: 1 | G4: 1 | H4: 1 | I4: 1 | J4: 1 | K4: 1 | M4: 1 | N4: 1 | O4: 1 | P4: 1 | Q4: 1 | T4: =D4 -> YZ | U4: =SUM(E26:R26) -> 14.559429
A5: Tube Holder | B5: Poi | D5: KC | F5: 1 | G5: 1 | H5: 1 | I5: 1 | J5: 1 | K5: 1 | M5: 1 | N5: 1 | O5: 1 | P5: 1 | Q5: 1 | R5: 1 | T5: =D5 -> KC | U5: =SUM(E27:R27) -> 15.155429
D6: CJ | G6: 1 | H6: 1 | Q6: 1 | T6: =D6 -> CJ | U6: =SUM(E28:R28) -> 3.1360952
A7: Balls left | B7: =B2-SUM(E20:R20)-3 -> 0 | D7: HX | H7: 1 | P7: 2 | R7: 2 | T7: =D7 -> HX | U7: =SUM(E29:R29) -> 4.47
D8: JZ | T8: =D8 -> JZ | U8: =SUM(E30:R30) -> 0
D9: LW | G9: 1 | Q9: 1 | T9: =D9 -> LW | U9: =SUM(E31:R31) -> 2.8380952
D10: KY | G10: 1 | H10: 1 | T10: =D10 -> KY | U10: =SUM(E32:R32) -> 2.2846667
D11: JL | T11: =D11 -> JL | U11: =SUM(E33:R33) -> 0
D12: Matthew | G12: 1 | H12: 1 | P12: 1 | Q12: 1 | T12: =D12 -> Matthew | U12: =SUM(E34:R34) -> 4.6260952
D13: HJ | H13: 1 | T13: =D13 -> HJ | U13: =SUM(E35:R35) -> 0.298
D14: KL | H14: 1 | T14: =D14 -> KL | U14: =SUM(E36:R36) -> 0.298
D15: YL | G15: 1 | H15: 1 | R15: 1 | T15: =D15 -> YL | U15: =SUM(E37:R37) -> 2.8806667
D16: Jess | T16: =D16 -> Jess | U16: =SUM(E38:R38) -> 0
D17: ZL | T17: =D17 -> ZL | U17: =SUM(E39:R39) -> 0
U18: =SUM(U2:U17) -> 80.46
D19: User | E19: =SUM(E2:E17) -> 1 | F19: =SUM(F2:F17) -> 3 | G19: =SUM(G2:G17) -> 9 | H19: =SUM(H2:H17) -> 10 | I19: =SUM(I2:I17) -> 3 | J19: =SUM(J2:J17) -> 3 | K19: =SUM(K2:K17) -> 3 | L19: =SUM(L2:L17) -> 1 | ... R19: =SUM(R2:R17) -> 5
D20: Ball usage | E20: 3 | F20: 2 | G20: 6 | H20: 1 | I20: 1 | J20: 2 | K20: 2 | L20: 1 | M20: 1 | N20: 1 | O20: 1 | P20: 3 | Q20: 2 | R20: 1
D21: Weightage price | E21: =IF(E19=0, 0, $B$3*E20/E19) -> 8.94 | F21: =IF(F19=0, 0, $B$3*F20/F19) -> 1.9866667 | G21: =IF(G19=0, 0, $B$3*G20/G19) -> 1.9866667 | H21: =IF(H19=0, 0, $B$3*H20/H19) -> 0.298 | I21: =IF(I19=0, 0, $B$3*I20/I19) -> 0.99333333 | J21: =IF(J19=0, 0, $B$3*J20/J19) -> 1.9866667 | K21: =IF(K19=0, 0, $B$3*K20/K19) -> 1.9866667 | L21: =IF(L19=0, 0, $B$3*L20/L19) -> 2.98 | ... R21: =IF(R19=0, 0, $B$3*R20/R19) -> 0.596
D23: Pay | E23: =E1 -> 45011 | F23: =F1 -> 45034 | G23: =G1 -> 45039 | H23: =H1 -> 45046 | I23: =I1 -> 45050 | J23: =J1 -> 45051 | K23: =K1 -> 45057 | L23: =L1 -> 45066 | ... R23: =R1 -> 45182
D24: =D2 -> Poi | E24: =E2*$E$21 -> 8.94 | F24: =F2*$F$21 -> 1.9866667 | G24: =G2*G$21 -> 1.9866667 | H24: =H2*H$21 -> 0.298 | I24: =I2*I$21 -> 0.99333333 | J24: =J2*J$21 -> 1.9866667 | K24: =K2*K$21 -> 1.9866667 | L24: =L2*L$21 -> 2.98 | M24: =M2*M$21 -> 0.99333333 | N24: =N2*N$21 -> 0.99333333 | ... R24: =R2*R$21 -> 0.596
D25: =D3 -> ZT | E25: =E3*$E$21 -> 0 | F25: =F3*$F$21 -> 0 | G25: =G3*G$21 -> 1.9866667 | H25: =H3*H$21 -> 0 | I25: =I3*I$21 -> 0 | J25: =J3*J$21 -> 0 | K25: =K3*K$21 -> 0 | L25: =L3*L$21 -> 0 | M25: =M3*M$21 -> 0 | N25: =N3*N$21 -> 0 | ... R25: =R3*R$21 -> 0
D26: =D4 -> YZ | E26: =E4*$E$21 -> 0 | F26: =F4*$F$21 -> 1.9866667 | G26: =G4*G$21 -> 1.9866667 | H26: =H4*H$21 -> 0.298 | I26: =I4*I$21 -> 0.99333333 | J26: =J4*J$21 -> 1.9866667 | K26: =K4*K$21 -> 1.9866667 | L26: =L4*L$21 -> 0 | M26: =M4*M$21 -> 0.99333333 | N26: =N4*N$21 -> 0.99333333 | ... R26: =R4*R$21 -> 0
D27: =D5 -> KC | E27: =E5*$E$21 -> 0 | F27: =F5*$F$21 -> 1.9866667 | G27: =G5*G$21 -> 1.9866667 | H27: =H5*H$21 -> 0.298 | I27: =I5*I$21 -> 0.99333333 | J27: =J5*J$21 -> 1.9866667 | K27: =K5*K$21 -> 1.9866667 | L27: =L5*L$21 -> 0 | M27: =M5*M$21 -> 0.99333333 | N27: =N5*N$21 -> 0.99333333 | ... R27: =R5*R$21 -> 0.596
D28: =D6 -> CJ | E28: =E6*$E$21 -> 0 | F28: =F6*$F$21 -> 0 | G28: =G6*G$21 -> 1.9866667 | H28: =H6*H$21 -> 0.298 | I28: =I6*I$21 -> 0 | J28: =J6*J$21 -> 0 | K28: =K6*K$21 -> 0 | L28: =L6*L$21 -> 0 | M28: =M6*M$21 -> 0 | N28: =N6*N$21 -> 0 | ... R28: =R6*R$21 -> 0
D29: =D7 -> HX | E29: =E7*$E$21 -> 0 | F29: =F7*$F$21 -> 0 | G29: =G7*G$21 -> 0 | H29: =H7*H$21 -> 0.298 | I29: =I7*I$21 -> 0 | J29: =J7*J$21 -> 0 | K29: =K7*K$21 -> 0 | L29: =L7*L$21 -> 0 | M29: =M7*M$21 -> 0 | N29: =N7*N$21 -> 0 | ... R29: =R7*R$21 -> 1.192
D30: =D8 -> JZ | E30: =E8*$E$21 -> 0 | F30: =F8*$F$21 -> 0 | G30: =G8*G$21 -> 0 | H30: =H8*H$21 -> 0 | I30: =I8*I$21 -> 0 | J30: =J8*J$21 -> 0 | K30: =K8*K$21 -> 0 | L30: =L8*L$21 -> 0 | M30: =M8*M$21 -> 0 | N30: =N8*N$21 -> 0 | ... R30: =R8*R$21 -> 0
D31: =D9 -> LW | E31: =E9*$E$21 -> 0 | F31: =F9*$F$21 -> 0 | G31: =G9*G$21 -> 1.9866667 | H31: =H9*H$21 -> 0 | I31: =I9*I$21 -> 0 | J31: =J9*J$21 -> 0 | K31: =K9*K$21 -> 0 | L31: =L9*L$21 -> 0 | M31: =M9*M$21 -> 0 | N31: =N9*N$21 -> 0 | ... R31: =R9*R$21 -> 0
D32: =D10 -> KY | E32: =E10*$E$21 -> 0 | F32: =F10*$F$21 -> 0 | G32: =G10*G$21 -> 1.9866667 | H32: =H10*H$21 -> 0.298 | I32: =I10*I$21 -> 0 | J32: =J10*J$21 -> 0 | K32: =K10*K$21 -> 0 | L32: =L10*L$21 -> 0 | M32: =M10*M$21 -> 0 | N32: =N10*N$21 -> 0 | ... R32: =R10*R$21 -> 0
D33: =D11 -> JL | E33: =E11*$E$21 -> 0 | F33: =F11*$F$21 -> 0 | G33: =G11*G$21 -> 0 | H33: =H11*H$21 -> 0 | I33: =I11*I$21 -> 0 | J33: =J11*J$21 -> 0 | K33: =K11*K$21 -> 0 | L33: =L11*L$21 -> 0 | M33: =M11*M$21 -> 0 | N33: =N11*N$21 -> 0 | ... R33: =R11*R$21 -> 0
D34: Matthew | E34: =E12*$E$21 -> 0 | F34: =F12*$F$21 -> 0 | G34: =G12*G$21 -> 1.9866667 | H34: =H12*H$21 -> 0.298 | I34: =I12*I$21 -> 0 | J34: =J12*J$21 -> 0 | K34: =K12*K$21 -> 0 | L34: =L12*L$21 -> 0 | M34: =M12*M$21 -> 0 | N34: =N12*N$21 -> 0 | ... R34: =R12*R$21 -> 0
D35: HJ | E35: =E13*$E$21 -> 0 | F35: =F13*$F$21 -> 0 | G35: =G13*G$21 -> 0 | H35: =H13*H$21 -> 0.298 | I35: =I13*I$21 -> 0 | J35: =J13*J$21 -> 0 | K35: =K13*K$21 -> 0 | L35: =L13*L$21 -> 0 | M35: =M13*M$21 -> 0 | N35: =N13*N$21 -> 0 | ... R35: =R13*R$21 -> 0
D36: KL | E36: =E14*$E$21 -> 0 | F36: =F14*$F$21 -> 0 | G36: =G14*G$21 -> 0 | H36: =H14*H$21 -> 0.298 | I36: =I14*I$21 -> 0 | J36: =J14*J$21 -> 0 | K36: =K14*K$21 -> 0 | L36: =L14*L$21 -> 0 | M36: =M14*M$21 -> 0 | N36: =N14*N$21 -> 0 | ... R36: =R14*R$21 -> 0
D37: YL | E37: =E15*$E$21 -> 0 | F37: =F15*$F$21 -> 0 | G37: =G15*G$21 -> 1.9866667 | H37: =H15*H$21 -> 0.298 | I37: =I15*I$21 -> 0 | J37: =J15*J$21 -> 0 | K37: =K15*K$21 -> 0 | L37: =L15*L$21 -> 0 | M37: =M15*M$21 -> 0 | N37: =N15*N$21 -> 0 | ... R37: =R15*R$21 -> 0.596
D38: Jess | E38: =E16*$E$21 -> 0 | F38: =F16*$F$21 -> 0 | G38: =G16*G$21 -> 0 | H38: =H16*H$21 -> 0 | I38: =I16*I$21 -> 0 | J38: =J16*J$21 -> 0 | K38: =K16*K$21 -> 0 | L38: =L16*L$21 -> 0 | M38: =M16*M$21 -> 0 | N38: =N16*N$21 -> 0 | ... R38: =R16*R$21 -> 0
D39: ZL | E39: =E17*$E$21 -> 0 | F39: =F17*$F$21 -> 0 | G39: =G17*G$21 -> 0 | H39: =H17*H$21 -> 0 | I39: =I17*I$21 -> 0 | J39: =J17*J$21 -> 0 | K39: =K17*K$21 -> 0 | L39: =L17*L$21 -> 0 | M39: =M17*M$21 -> 0 | N39: =N17*N$21 -> 0 | ... R39: =R17*R$21 -> 0
D41: Sum | E41: =SUM(E24:E39) -> 8.94 | F41: =SUM(F24:F39) -> 5.96 | G41: =SUM(G24:G39) -> 17.88 | H41: =SUM(H24:H39) -> 2.98 | I41: =SUM(I24:I39) -> 2.98 | J41: =SUM(J24:J39) -> 5.96 | K41: =SUM(K24:K39) -> 5.96 | L41: =SUM(L24:L39) -> 2.98 | ... R41: =SUM(R24:R39) -> 2.98

Sheet RSL Gold (Poi)
A1: Tube price | B1: 77 | D1: Players | E1: 45074 | F1: 45102 | G1: 45116 | O1: Pay | P1: Total | S1: Frequency
A2: No. of ball | B2: 12 | D2: Poi | E2: 1 | F2: 1 | G2: 1 | O2: =D2 -> Poi | P2: =SUM(E24:M24) -> 8.3125 | S2: =COUNT(E2:M2) -> 3
A3: Ball price | B3: =B1/B2 -> 6.4166667 | D3: ZT | E3: 1 | F3: 1 | G3: 1 | O3: =D3 -> ZT | P3: =SUM(E25:M25) -> 8.3125 | S3: =COUNT(E3:M3) -> 3
D4: YZ | F4: 1 | O4: =D4 -> YZ | P4: =SUM(E26:M26) -> 3.5 | S4: =COUNT(E4:M4) -> 1
A5: Tube Holder | B5: Poi | D5: KC | E5: 1 | F5: 1 | G5: 1 | O5: =D5 -> KC | P5: =SUM(E27:M27) -> 8.3125 | S5: =COUNT(E5:M5) -> 3
D6: CJ | E6: 1 | F6: 1 | G6: 1 | O6: =D6 -> CJ | P6: =SUM(E28:M28) -> 8.3125 | S6: =COUNT(E6:M6) -> 3
A7: Balls left | B7: =B2-SUM(E20:M20) -> 0 | D7: HX | E7: 1 | F7: 1 | G7: 1 | O7: =D7 -> HX | P7: =SUM(E29:M29) -> 8.3125 | S7: =COUNT(E7:M7) -> 3
D8: JZ | E8: 1 | O8: =D8 -> JZ | P8: =SUM(E30:M30) -> 3.2083333 | S8: =COUNT(E8:M8) -> 1
D9: LW | F9: 1 | O9: =D9 -> LW | P9: =SUM(E31:M31) -> 3.5 | S9: =COUNT(E9:M9) -> 1
D10: KY | E10: 1 | F10: 1 | G10: 1 | O10: =D10 -> KY | P10: =SUM(E32:M32) -> 8.3125 | S10: =COUNT(E10:M10) -> 3
D11: Jit Loong | O11: =D11 -> Jit Loong | P11: =SUM(E33:M33) -> 0 | S11: =COUNT(E11:M11) -> 0
D12: Matthew | E12: 1 | F12: 1 | G12: 1 | O12: =D12 -> Matthew | P12: =SUM(E34:M34) -> 8.3125 | S12: =COUNT(E12:M12) -> 3
D13: Hau Jin | O13: =D13 -> Hau Jin | P13: =SUM(E35:M35) -> 0 | S13: =COUNT(E13:M13) -> 0
D14: Kit Liang | O14: =D14 -> Kit Liang | P14: =SUM(E36:M36) -> 0 | S14: =COUNT(E14:M14) -> 0
D15: YL | F15: 1 | G15: 1 | O15: =D15 -> YL | P15: =SUM(E37:M37) -> 5.1041667 | S15: =COUNT(E15:M15) -> 2
D16: TM | F16: 1 | O16: =D16 -> TM | P16: =SUM(E38:M38) -> 3.5 | S16: =COUNT(E16:M16) -> 1
D17: ZL | O17: =D17 -> ZL | P17: =SUM(E39:M39) -> 0 | S17: =COUNT(E17:M17) -> 0
P18: =SUM(P2:P17) -> 77
D19: User | E19: =SUM(E2:E17) -> 8 | F19: =SUM(F2:F17) -> 11 | G19: =SUM(G2:G17) -> 8 | H19: =SUM(H2:H17) -> 0 | I19: =SUM(I2:I17) -> 0 | J19: =SUM(J2:J17) -> 0 | K19: =SUM(K2:K17) -> 0 | L19: =SUM(L2:L17) -> 0 | M19: =SUM(M2:M17) -> 0
D20: Ball usage | E20: 4 | F20: 6 | G20: 2
D21: Weightage price | E21: =IF(E19=0, 0, $B$3*E20/E19) -> 3.2083333 | F21: =IF(F19=0, 0, $B$3*F20/F19) -> 3.5 | G21: =IF(G19=0, 0, $B$3*G20/G19) -> 1.6041667 | H21: =IF(H19=0, 0, $B$3*H20/H19) -> 0 | I21: =IF(I19=0, 0, $B$3*I20/I19) -> 0 | J21: =IF(J19=0, 0, $B$3*J20/J19) -> 0 | K21: =IF(K19=0, 0, $B$3*K20/K19) -> 0 | L21: =IF(L19=0, 0, $B$3*L20/L19) -> 0 | M21: =IF(M19=0, 0, $B$3*M20/M19) -> 0
D23: Pay | E23: =E1 -> 45074 | F23: =F1 -> 45102 | G23: =G1 -> 45116 | H23: =H1 | I23: =I1 | J23: =J1 | K23: =K1 | L23: =L1 | M23: =M1
D24: =D2 -> Poi | E24: =E2*$E$21 -> 3.2083333 | F24: =F2*$F$21 -> 3.5 | G24: =G2*G$21 -> 1.6041667 | H24: =H2*H$21 -> 0 | I24: =I2*I$21 -> 0 | J24: =J2*J$21 -> 0 | K24: =K2*K$21 -> 0 | L24: =L2*L$21 -> 0 | M24: =M2*M$21 -> 0
D25: =D3 -> ZT | E25: =E3*$E$21 -> 3.2083333 | F25: =F3*$F$21 -> 3.5 | G25: =G3*G$21 -> 1.6041667 | H25: =H3*H$21 -> 0 | I25: =I3*I$21 -> 0 | J25: =J3*J$21 -> 0 | K25: =K3*K$21 -> 0 | L25: =L3*L$21 -> 0 | M25: =M3*M$21 -> 0
D26: =D4 -> YZ | E26: =E4*$E$21 -> 0 | F26: =F4*$F$21 -> 3.5 | G26: =G4*G$21 -> 0 | H26: =H4*H$21 -> 0 | I26: =I4*I$21 -> 0 | J26: =J4*J$21 -> 0 | K26: =K4*K$21 -> 0 | L26: =L4*L$21 -> 0 | M26: =M4*M$21 -> 0
D27: =D5 -> KC | E27: =E5*$E$21 -> 3.2083333 | F27: =F5*$F$21 -> 3.5 | G27: =G5*G$21 -> 1.6041667 | H27: =H5*H$21 -> 0 | I27: =I5*I$21 -> 0 | J27: =J5*J$21 -> 0 | K27: =K5*K$21 -> 0 | L27: =L5*L$21 -> 0 | M27: =M5*M$21 -> 0
D28: =D6 -> CJ | E28: =E6*$E$21 -> 3.2083333 | F28: =F6*$F$21 -> 3.5 | G28: =G6*G$21 -> 1.6041667 | H28: =H6*H$21 -> 0 | I28: =I6*I$21 -> 0 | J28: =J6*J$21 -> 0 | K28: =K6*K$21 -> 0 | L28: =L6*L$21 -> 0 | M28: =M6*M$21 -> 0
D29: =D7 -> HX | E29: =E7*$E$21 -> 3.2083333 | F29: =F7*$F$21 -> 3.5 | G29: =G7*G$21 -> 1.6041667 | H29: =H7*H$21 -> 0 | I29: =I7*I$21 -> 0 | J29: =J7*J$21 -> 0 | K29: =K7*K$21 -> 0 | L29: =L7*L$21 -> 0 | M29: =M7*M$21 -> 0
D30: =D8 -> JZ | E30: =E8*$E$21 -> 3.2083333 | F30: =F8*$F$21 -> 0 | G30: =G8*G$21 -> 0 | H30: =H8*H$21 -> 0 | I30: =I8*I$21 -> 0 | J30: =J8*J$21 -> 0 | K30: =K8*K$21 -> 0 | L30: =L8*L$21 -> 0 | M30: =M8*M$21 -> 0
D31: =D9 -> LW | E31: =E9*$E$21 -> 0 | F31: =F9*$F$21 -> 3.5 | G31: =G9*G$21 -> 0 | H31: =H9*H$21 -> 0 | I31: =I9*I$21 -> 0 | J31: =J9*J$21 -> 0 | K31: =K9*K$21 -> 0 | L31: =L9*L$21 -> 0 | M31: =M9*M$21 -> 0
D32: =D10 -> KY | E32: =E10*$E$21 -> 3.2083333 | F32: =F10*$F$21 -> 3.5 | G32: =G10*G$21 -> 1.6041667 | H32: =H10*H$21 -> 0 | I32: =I10*I$21 -> 0 | J32: =J10*J$21 -> 0 | K32: =K10*K$21 -> 0 | L32: =L10*L$21 -> 0 | M32: =M10*M$21 -> 0
D33: =D11 -> Jit Loong | E33: =E11*$E$21 -> 0 | F33: =F11*$F$21 -> 0 | G33: =G11*G$21 -> 0 | H33: =H11*H$21 -> 0 | I33: =I11*I$21 -> 0 | J33: =J11*J$21 -> 0 | K33: =K11*K$21 -> 0 | L33: =L11*L$21 -> 0 | M33: =M11*M$21 -> 0
D34: Matthew | E34: =E12*$E$21 -> 3.2083333 | F34: =F12*$F$21 -> 3.5 | G34: =G12*G$21 -> 1.6041667 | H34: =H12*H$21 -> 0 | I34: =I12*I$21 -> 0 | J34: =J12*J$21 -> 0 | K34: =K12*K$21 -> 0 | L34: =L12*L$21 -> 0 | M34: =M12*M$21 -> 0
D35: HJ | E35: =E13*$E$21 -> 0 | F35: =F13*$F$21 -> 0 | G35: =G13*G$21 -> 0 | H35: =H13*H$21 -> 0 | I35: =I13*I$21 -> 0 | J35: =J13*J$21 -> 0 | K35: =K13*K$21 -> 0 | L35: =L13*L$21 -> 0 | M35: =M13*M$21 -> 0
D36: KL | E36: =E14*$E$21 -> 0 | F36: =F14*$F$21 -> 0 | G36: =G14*G$21 -> 0 | H36: =H14*H$21 -> 0 | I36: =I14*I$21 -> 0 | J36: =J14*J$21 -> 0 | K36: =K14*K$21 -> 0 | L36: =L14*L$21 -> 0 | M36: =M14*M$21 -> 0
D37: YL | E37: =E15*$E$21 -> 0 | F37: =F15*$F$21 -> 3.5 | G37: =G15*G$21 -> 1.6041667 | H37: =H15*H$21 -> 0 | I37: =I15*I$21 -> 0 | J37: =J15*J$21 -> 0 | K37: =K15*K$21 -> 0 | L37: =L15*L$21 -> 0 | M37: =M15*M$21 -> 0
D38: Jess | E38: =E16*$E$21 -> 0 | F38: =F16*$F$21 -> 3.5 | G38: =G16*G$21 -> 0 | H38: =H16*H$21 -> 0 | I38: =I16*I$21 -> 0 | J38: =J16*J$21 -> 0 | K38: =K16*K$21 -> 0 | L38: =L16*L$21 -> 0 | M38: =M16*M$21 -> 0
D39: ZL | E39: =E17*$E$21 -> 0 | F39: =F17*$F$21 -> 0 | G39: =G17*G$21 -> 0 | H39: =H17*H$21 -> 0 | I39: =I17*I$21 -> 0 | J39: =J17*J$21 -> 0 | K39: =K17*K$21 -> 0 | L39: =L17*L$21 -> 0 | M39: =M17*M$21 -> 0
D41: Sum | E41: =SUM(E24:E39) -> 25.666667 | F41: =SUM(F24:F39) -> 38.5 | G41: =SUM(G24:G39) -> 12.833333 | H41: =SUM(H24:H39) -> 0 | I41: =SUM(I24:I39) -> 0 | J41: =SUM(J24:J39) -> 0 | K41: =SUM(K24:K39) -> 0 | L41: =SUM(L24:L39) -> 0 | M41: =SUM(M24:M39) -> 0

Sheet KeePro (CJ)
A1: Tube price | B1: 30 | D1: Players | E1: 44955 | F1: 44958 | G1: 44962 | O1: Pay | P1: Total | S1: Frequency
A2: No. of ball | B2: 12 | D2: Poi | G2: 1 | O2: =D2 -> Poi | P2: =SUM(E24:M24) -> 0.27777778 | S2: =COUNT(E2:M2) -> 1
A3: Ball price | B3: =B1/B2 -> 2.5 | D3: ZT | E3: 1 | F3: 1 | G3: 1 | O3: =D3 -> ZT | P3: =SUM(E25:M25) -> 2.6736111 | S3: =COUNT(E3:M3) -> 3
D4: YZ | O4: =D4 -> YZ | P4: =SUM(E26:M26) -> 0 | S4: =COUNT(E4:M4) -> 0
A5: Tube Holder | B5: CJ | D5: KC | E5: 1 | F5: 1 | G5: 1 | O5: =D5 -> KC | P5: =SUM(E27:M27) -> 2.6736111 | S5: =COUNT(E5:M5) -> 3
D6: CJ | E6: 1 | F6: 1 | G6: 1 | O6: =D6 -> CJ | P6: =SUM(E28:M28) -> 2.6736111 | S6: =COUNT(E6:M6) -> 3
A7: Balls left | B7: =B2-SUM(E20:M20) -> 3 | D7: HX | O7: =D7 -> HX | P7: =SUM(E29:M29) -> 0 | S7: =COUNT(E7:M7) -> 0
D8: JZ | O8: =D8 -> JZ | P8: =SUM(E30:M30) -> 0 | S8: =COUNT(E8:M8) -> 0
D9: LW | E9: 1 | F9: 1 | G9: 1 | O9: =D9 -> LW | P9: =SUM(E31:M31) -> 2.6736111 | S9: =COUNT(E9:M9) -> 3
D10: HJ | E10: 1 | F10: 1 | O10: =D10 -> HJ | P10: =SUM(E32:M32) -> 2.3958333 | S10: =COUNT(E10:M10) -> 2
D11: KL | E11: 1 | F11: 1 | O11: =D11 -> KL | P11: =SUM(E33:M33) -> 2.3958333 | S11: =COUNT(E11:M11) -> 2
D12: Matthew | E12: 1 | F12: 1 | G12: 1 | O12: =D12 -> Matthew | P12: =SUM(E34:M34) -> 2.6736111 | S12: =COUNT(E12:M12) -> 3
D13: KY | E13: 1 | F13: 1 | G13: 1 | O13: =D13 -> KY | P13: =sum(E35:M35) -> 2.6736111 | S13: =COUNT(E13:M13) -> 3
D14: YL | E14: 1 | G14: 1 | O14: =D14 -> YL | P14: =SUM(E36:M36) -> 1.1111111 | S14: =COUNT(E14:M14) -> 2
D15: JL | O15: =D15 -> JL | P15: =SUM(E37:M37) -> 0 | S15: =COUNT(E15:M15) -> 0
D16: Jess | G16: 1 | O16: =D16 -> Jess | P16: =SUM(E38:M38) -> 0.27777778 | S16: =COUNT(E16:M16) -> 1
D17: ZL | O17: =D17 -> ZL | P17: =SUM(E39:M39) -> 0 | S17: =COUNT(E17:M17) -> 0
P18: =SUM(E41:M41) -> 22.5
D19: User | E19: =SUM(E2:E17) -> 9 | F19: =SUM(F2:F17) -> 8 | G19: =SUM(G2:G17) -> 9 | H19: =SUM(H2:H17) -> 0 | I19: =SUM(I2:I17) -> 0 | J19: =SUM(J2:J17) -> 0 | K19: =SUM(K2:K17) -> 0 | L19: =SUM(L2:L17) -> 0 | M19: =SUM(M2:M17) -> 0
D20: Ball usage | E20: 3 | F20: 5 | G20: 1 | H20: 0 | I20: 0 | J20: 0
D21: Weightage price | E21: =IF(E19=0, 0, $B$3*E20/E19) -> 0.83333333 | F21: =IF(F19=0, 0, $B$3*F20/F19) -> 1.5625 | G21: =IF(G19=0, 0, $B$3*G20/G19) -> 0.27777778 | H21: =IF(H19=0, 0, $B$3*H20/H19) -> 0 | I21: =IF(I19=0, 0, $B$3*I20/I19) -> 0 | J21: =IF(J19=0, 0, $B$3*J20/J19) -> 0 | K21: =IF(K19=0, 0, $B$3*K20/K19) -> 0 | L21: =IF(L19=0, 0, $B$3*L20/L19) -> 0 | M21: =IF(M19=0, 0, $B$3*M20/M19) -> 0
D23: Pay | E23: =E1 -> 44955 | F23: =F1 -> 44958 | G23: =G1 -> 44962 | H23: =H1 | I23: =I1 | J23: =J1 | K23: =K1 | L23: =L1 | M23: =M1
D24: =D2 -> Poi | E24: =E2*$E$21 -> 0 | F24: =F2*$F$21 -> 0 | G24: =G2*G$21 -> 0.27777778 | H24: =H2*H$21 -> 0 | I24: =I2*I$21 -> 0 | J24: =J2*J$21 -> 0 | K24: =K2*K$21 -> 0 | L24: =L2*L$21 -> 0 | M24: =M2*M$21 -> 0
D25: =D3 -> ZT | E25: =E3*$E$21 -> 0.83333333 | F25: =F3*$F$21 -> 1.5625 | G25: =G3*G$21 -> 0.27777778 | H25: =H3*H$21 -> 0 | I25: =I3*I$21 -> 0 | J25: =J3*J$21 -> 0 | K25: =K3*K$21 -> 0 | L25: =L3*L$21 -> 0 | M25: =M3*M$21 -> 0
D26: =D4 -> YZ | E26: =E4*$E$21 -> 0 | F26: =F4*$F$21 -> 0 | G26: =G4*G$21 -> 0 | H26: =H4*H$21 -> 0 | I26: =I4*I$21 -> 0 | J26: =J4*J$21 -> 0 | K26: =K4*K$21 -> 0 | L26: =L4*L$21 -> 0 | M26: =M4*M$21 -> 0
D27: =D5 -> KC | E27: =E5*$E$21 -> 0.83333333 | F27: =F5*$F$21 -> 1.5625 | G27: =G5*G$21 -> 0.27777778 | H27: =H5*H$21 -> 0 | I27: =I5*I$21 -> 0 | J27: =J5*J$21 -> 0 | K27: =K5*K$21 -> 0 | L27: =L5*L$21 -> 0 | M27: =M5*M$21 -> 0
D28: =D6 -> CJ | E28: =E6*$E$21 -> 0.83333333 | F28: =F6*$F$21 -> 1.5625 | G28: =G6*G$21 -> 0.27777778 | H28: =H6*H$21 -> 0 | I28: =I6*I$21 -> 0 | J28: =J6*J$21 -> 0 | K28: =K6*K$21 -> 0 | L28: =L6*L$21 -> 0 | M28: =M6*M$21 -> 0
D29: =D7 -> HX | E29: =E7*$E$21 -> 0 | F29: =F7*$F$21 -> 0 | G29: =G7*G$21 -> 0 | H29: =H7*H$21 -> 0 | I29: =I7*I$21 -> 0 | J29: =J7*J$21 -> 0 | K29: =K7*K$21 -> 0 | L29: =L7*L$21 -> 0 | M29: =M7*M$21 -> 0
D30: =D8 -> JZ | E30: =E8*$E$21 -> 0 | F30: =F8*$F$21 -> 0 | G30: =G8*G$21 -> 0 | H30: =H8*H$21 -> 0 | I30: =I8*I$21 -> 0 | J30: =J8*J$21 -> 0 | K30: =K8*K$21 -> 0 | L30: =L8*L$21 -> 0 | M30: =M8*M$21 -> 0
D31: =D9 -> LW | E31: =E9*$E$21 -> 0.83333333 | F31: =F9*$F$21 -> 1.5625 | G31: =G9*G$21 -> 0.27777778 | H31: =H9*H$21 -> 0 | I31: =I9*I$21 -> 0 | J31: =J9*J$21 -> 0 | K31: =K9*K$21 -> 0 | L31: =L9*L$21 -> 0 | M31: =M9*M$21 -> 0
D32: =D10 -> HJ | E32: =E10*$E$21 -> 0.83333333 | F32: =F10*$F$21 -> 1.5625 | G32: =G10*G$21 -> 0 | H32: =H10*H$21 -> 0 | I32: =I10*I$21 -> 0 | J32: =J10*J$21 -> 0 | K32: =K10*K$21 -> 0 | L32: =L10*L$21 -> 0 | M32: =M10*M$21 -> 0
D33: =D11 -> KL | E33: =E11*$E$21 -> 0.83333333 | F33: =F11*$F$21 -> 1.5625 | G33: =G11*G$21 -> 0 | H33: =H11*H$21 -> 0 | I33: =I11*I$21 -> 0 | J33: =J11*J$21 -> 0 | K33: =K11*K$21 -> 0 | L33: =L11*L$21 -> 0 | M33: =M11*M$21 -> 0
D34: =D12 -> Matthew | E34: =E12*$E$21 -> 0.83333333 | F34: =F12*$F$21 -> 1.5625 | G34: =G12*G$21 -> 0.27777778 | H34: =H12*H$21 -> 0 | I34: =I12*I$21 -> 0 | J34: =J12*J$21 -> 0 | K34: =K12*K$21 -> 0 | L34: =L12*L$21 -> 0 | M34: =M12*M$21 -> 0
D35: =D13 -> KY | E35: =E13*$E$21 -> 0.83333333 | F35: =F13*$F$21 -> 1.5625 | G35: =G13*G$21 -> 0.27777778 | H35: =H13*H$21 -> 0 | I35: =I13*I$21 -> 0 | J35: =J13*J$21 -> 0 | K35: =K13*K$21 -> 0 | L35: =L13*L$21 -> 0 | M35: =M13*M$21 -> 0
... D39: =D17 -> ZL | E39: =E17*$E$21 -> 0 | F39: =F17*$F$21 -> 0 | G39: =G17*G$21 -> 0 | H39: =H17*H$21 -> 0 | I39: =I17*I$21 -> 0 | J39: =J17*J$21 -> 0 | K39: =K17*K$21 -> 0 | L39: =L17*L$21 -> 0 | M39: =M17*M$21 -> 0
D41: Sum | E41: =SUM(E24:E39) -> 7.5 | F41: =SUM(F24:F39) -> 12.5 | G41: =SUM(G24:G39) -> 2.5 | H41: =SUM(H24:H39) -> 0 | I41: =SUM(I24:I39) -> 0 | J41: =SUM(J24:J39) -> 0 | K41: =SUM(K24:K39) -> 0 | L41: =SUM(L24:L39) -> 0 | M41: =SUM(M24:M39) -> 0

Sheet Protech (CJ)
A1: Tube price | B1: 64.91 | D1: Players | E1: 44918 | F1: 45088 | G1: 45137 | H1: 45053 | O1: Pay | P1: Total | S1: Frequency
A2: No. of ball | B2: 12 | D2: Poi | F2: 1 | G2: 1 | O2: =D2 -> Poi | P2: =SUM(E24:M24) -> 3.631869 | S2: =COUNT(E2:M2) -> 2
A3: Ball price | B3: =B1/B2 -> 5.4091667 | D3: ZT | G3: 1 | H3: 1 | O3: =D3 -> ZT | P3: =SUM(E25:M25) -> 1.3136548 | S3: =COUNT(E3:M3) -> 2
D4: YZ | F4: 1 | G4: 1 | O4: =D4 -> YZ | P4: =SUM(E26:M26) -> 3.631869 | S4: =COUNT(E4:M4) -> 2
A5: Tube Holder | B5: CJ | D5: KC | F5: 1 | G5: 1 | H5: 1 | O5: =D5 -> KC | P5: =SUM(E27:M27) -> 4.4046071 | S5: =COUNT(E5:M5) -> 3
D6: CJ | E6: 1 | F6: 1 | G6: 1 | H6: 1 | O6: =D6 -> CJ | P6: =SUM(E28:M28) -> 9.8137738 | S6: =COUNT(E6:M6) -> 4
A7: Balls left | B7: =B2-SUM(E20:M20) -> 5 | D7: HX | G7: 1 | O7: =D7 -> HX | P7: =SUM(E29:M29) -> 0.54091667 | S7: =COUNT(E7:M7) -> 1
D8: JZ | O8: =D8 -> JZ | P8: =SUM(E30:M30) -> 0 | S8: =COUNT(E8:M8) -> 0
D9: LW | G9: 1 | O9: =D9 -> LW | P9: =SUM(E31:M31) -> 0.54091667 | S9: =COUNT(E9:M9) -> 1
D10: KY | F10: 1 | G10: 1 | H10: 1 | O10: =D10 -> KY | P10: =SUM(E32:M32) -> 4.4046071 | S10: =COUNT(E10:M10) -> 3
D11: JL | O11: =D11 -> JL | P11: =SUM(E33:M33) -> 0 | S11: =COUNT(E11:M11) -> 0
D12: Matthew | F12: 1 | G12: 1 | H12: 1 | O12: =D12 -> Matthew | P12: =SUM(E34:M34) -> 4.4046071 | S12: =COUNT(E12:M12) -> 3
D13: HJ | H13: 1 | O13: =D13 -> HJ | P13: =SUM(E35:M35) -> 0.7727381 | S13: =COUNT(E13:M13) -> 1
D14: KL | O14: =D14 -> KL | P14: =SUM(E36:M36) -> 0 | S14: =COUNT(E14:M14) -> 0
D15: YL | F15: 1 | G15: 1 | H15: 1 | O15: =D15 -> YL | P15: =SUM(E37:M37) -> 4.4046071 | S15: =COUNT(E15:M15) -> 3
D16: Jess | O16: =D16 -> Jess | P16: =SUM(E38:M38) -> 0 | S16: =COUNT(E16:M16) -> 0
D17: ZL | O17: =D17 -> ZL | P17: =SUM(E39:M39) -> 0 | S17: =COUNT(E17:M17) -> 0
P18: =SUM(P2:P17) -> 37.864167
D19: User | E19: =SUM(E2:E17) -> 1 | F19: =SUM(F2:F17) -> 7 | G19: =SUM(G2:G17) -> 10 | H19: =SUM(H2:H17) -> 7 | I19: =SUM(I2:I17) -> 0 | J19: =SUM(J2:J17) -> 0 | K19: =SUM(K2:K17) -> 0 | L19: =SUM(L2:L17) -> 0 | M19: =SUM(M2:M17) -> 0
D20: Ball usage | E20: 1 | F20: 4 | G20: 1 | H20: 1
D21: Weightage price | E21: =IF(E19=0, 0, $B$3*E20/E19) -> 5.4091667 | F21: =IF(F19=0, 0, $B$3*F20/F19) -> 3.0909524 | G21: =IF(G19=0, 0, $B$3*G20/G19) -> 0.54091667 | H21: =IF(H19=0, 0, $B$3*H20/H19) -> 0.7727381 | I21: =IF(I19=0, 0, $B$3*I20/I19) -> 0 | J21: =IF(J19=0, 0, $B$3*J20/J19) -> 0 | K21: =IF(K19=0, 0, $B$3*K20/K19) -> 0 | L21: =IF(L19=0, 0, $B$3*L20/L19) -> 0 | M21: =IF(M19=0, 0, $B$3*M20/M19) -> 0
D23: Pay | E23: =E1 -> 44918 | F23: =F1 -> 45088 | G23: =G1 -> 45137 | H23: =H1 -> 45053 | I23: =I1 | J23: =J1 | K23: =K1 | L23: =L1 | M23: =M1
D24: =D2 -> Poi | E24: =E2*$E$21 -> 0 | F24: =F2*$F$21 -> 3.0909524 | G24: =G2*G$21 -> 0.54091667 | H24: =H2*H$21 -> 0 | I24: =I2*I$21 -> 0 | J24: =J2*J$21 -> 0 | K24: =K2*K$21 -> 0 | L24: =L2*L$21 -> 0 | M24: =M2*M$21 -> 0
D25: =D3 -> ZT | E25: =E3*$E$21 -> 0 | F25: =F3*$F$21 -> 0 | G25: =G3*G$21 -> 0.54091667 | H25: =H3*H$21 -> 0.7727381 | I25: =I3*I$21 -> 0 | J25: =J3*J$21 -> 0 | K25: =K3*K$21 -> 0 | L25: =L3*L$21 -> 0 | M25: =M3*M$21 -> 0
D26: =D4 -> YZ | E26: =E4*$E$21 -> 0 | F26: =F4*$F$21 -> 3.0909524 | G26: =G4*G$21 -> 0.54091667 | H26: =H4*H$21 -> 0 | I26: =I4*I$21 -> 0 | J26: =J4*J$21 -> 0 | K26: =K4*K$21 -> 0 | L26: =L4*L$21 -> 0 | M26: =M4*M$21 -> 0
D27: =D5 -> KC | E27: =E5*$E$21 -> 0 | F27: =F5*$F$21 -> 3.0909524 | G27: =G5*G$21 -> 0.54091667 | H27: =H5*H$21 -> 0.7727381 | I27: =I5*I$21 -> 0 | J27: =J5*J$21 -> 0 | K27: =K5*K$21 -> 0 | L27: =L5*L$21 -> 0 | M27: =M5*M$21 -> 0
D28: =D6 -> CJ | E28: =E6*$E$21 -> 5.4091667 | F28: =F6*$F$21 -> 3.0909524 | G28: =G6*G$21 -> 0.54091667 | H28: =H6*H$21 -> 0.7727381 | I28: =I6*I$21 -> 0 | J28: =J6*J$21 -> 0 | K28: =K6*K$21 -> 0 | L28: =L6*L$21 -> 0 | M28: =M6*M$21 -> 0
D29: =D7 -> HX | E29: =E7*$E$21 -> 0 | F29: =F7*$F$21 -> 0 | G29: =G7*G$21 -> 0.54091667 | H29: =H7*H$21 -> 0 | I29: =I7*I$21 -> 0 | J29: =J7*J$21 -> 0 | K29: =K7*K$21 -> 0 | L29: =L7*L$21 -> 0 | M29: =M7*M$21 -> 0
D30: =D8 -> JZ | E30: =E8*$E$21 -> 0 | F30: =F8*$F$21 -> 0 | G30: =G8*G$21 -> 0 | H30: =H8*H$21 -> 0 | I30: =I8*I$21 -> 0 | J30: =J8*J$21 -> 0 | K30: =K8*K$21 -> 0 | L30: =L8*L$21 -> 0 | M30: =M8*M$21 -> 0
D31: =D9 -> LW | E31: =E9*$E$21 -> 0 | F31: =F9*$F$21 -> 0 | G31: =G9*G$21 -> 0.54091667 | H31: =H9*H$21 -> 0 | I31: =I9*I$21 -> 0 | J31: =J9*J$21 -> 0 | K31: =K9*K$21 -> 0 | L31: =L9*L$21 -> 0 | M31: =M9*M$21 -> 0
D32: =D10 -> KY | E32: =E10*$E$21 -> 0 | F32: =F10*$F$21 -> 3.0909524 | G32: =G10*G$21 -> 0.54091667 | H32: =H10*H$21 -> 0.7727381 | I32: =I10*I$21 -> 0 | J32: =J10*J$21 -> 0 | K32: =K10*K$21 -> 0 | L32: =L10*L$21 -> 0 | M32: =M10*M$21 -> 0
D33: =D11 -> JL | E33: =E11*$E$21 -> 0 | F33: =F11*$F$21 -> 0 | G33: =G11*G$21 -> 0 | H33: =H11*H$21 -> 0 | I33: =I11*I$21 -> 0 | J33: =J11*J$21 -> 0 | K33: =K11*K$21 -> 0 | L33: =L11*L$21 -> 0 | M33: =M11*M$21 -> 0
D34: Matthew | E34: =E12*$E$21 -> 0 | F34: =F12*$F$21 -> 3.0909524 | G34: =G12*G$21 -> 0.54091667 | H34: =H12*H$21 -> 0.7727381 | I34: =I12*I$21 -> 0 | J34: =J12*J$21 -> 0 | K34: =K12*K$21 -> 0 | L34: =L12*L$21 -> 0 | M34: =M12*M$21 -> 0
D35: HJ | E35: =E13*$E$21 -> 0 | F35: =F13*$F$21 -> 0 | G35: =G13*G$21 -> 0 | H35: =H13*H$21 -> 0.7727381 | I35: =I13*I$21 -> 0 | J35: =J13*J$21 -> 0 | K35: =K13*K$21 -> 0 | L35: =L13*L$21 -> 0 | M35: =M13*M$21 -> 0
D36: KL | E36: =E14*$E$21 -> 0 | F36: =F14*$F$21 -> 0 | G36: =G14*G$21 -> 0 | H36: =H14*H$21 -> 0 | I36: =I14*I$21 -> 0 | J36: =J14*J$21 -> 0 | K36: =K14*K$21 -> 0 | L36: =L14*L$21 -> 0 | M36: =M14*M$21 -> 0
D37: YL | E37: =E15*$E$21 -> 0 | F37: =F15*$F$21 -> 3.0909524 | G37: =G15*G$21 -> 0.54091667 | H37: =H15*H$21 -> 0.7727381 | I37: =I15*I$21 -> 0 | J37: =J15*J$21 -> 0 | K37: =K15*K$21 -> 0 | L37: =L15*L$21 -> 0 | M37: =M15*M$21 -> 0
D38: Jess | E38: =E16*$E$21 -> 0 | F38: =F16*$F$21 -> 0 | G38: =G16*G$21 -> 0 | H38: =H16*H$21 -> 0 | I38: =I16*I$21 -> 0 | J38: =J16*J$21 -> 0 | K38: =K16*K$21 -> 0 | L38: =L16*L$21 -> 0 | M38: =M16*M$21 -> 0
D39: ZL | E39: =E17*$E$21 -> 0 | F39: =F17*$F$21 -> 0 | G39: =G17*G$21 -> 0 | H39: =H17*H$21 -> 0 | I39: =I17*I$21 -> 0 | J39: =J17*J$21 -> 0 | K39: =K17*K$21 -> 0 | L39: =L17*L$21 -> 0 | M39: =M17*M$21 -> 0
D41: Sum | E41: =SUM(E24:E39) -> 5.4091667 | F41: =SUM(F24:F39) -> 21.636667 | G41: =SUM(G24:G39) -> 5.4091667 | H41: =SUM(H24:H39) -> 5.4091667 | I41: =SUM(I24:I39) -> 0 | J41: =SUM(J24:J39) -> 0 | K41: =SUM(K24:K39) -> 0 | L41: =SUM(L24:L39) -> 0 | M41: =SUM(M24:M39) -> 0

Sheet LM Gold (Poi)
A1: Tube price | B1: 81.97 | D1: Players | E1: 45011 | F1: 45039 | G1: 45046 | H1: 45060 | O1: Pay | P1: Total | S1: Frequency
A2: No. of ball | B2: 12 | D2: Poi | E2: 1 | F2: 1 | G2: 1 | H2: 1 | O2: =D2 -> Poi | P2: =SUM(E24:M24) -> 8.3487963 | S2: =COUNT(E2:M2) -> 4
A3: Ball price | B3: =B1/B2 -> 6.8308333 | D3: ZT | E3: 1 | F3: 1 | H3: 1 | O3: =D3 -> ZT | P3: =SUM(E25:M25) -> 6.9826296 | S3: =COUNT(E3:M3) -> 3
D4: YZ | E4: 1 | F4: 1 | G4: 1 | H4: 1 | O4: =D4 -> YZ | P4: =SUM(E26:M26) -> 8.3487963 | S4: =COUNT(E4:M4) -> 4
A5: Tube Holder | B5: Poi | D5: KC | E5: 1 | F5: 1 | G5: 1 | H5: 1 | O5: =D5 -> KC | P5: =SUM(E27:M27) -> 8.3487963 | S5: =COUNT(E5:M5) -> 4
D6: CJ | E6: 1 | F6: 1 | G6: 1 | H6: 1 | O6: =D6 -> CJ | P6: =SUM(E28:M28) -> 8.3487963 | S6: =COUNT(E6:M6) -> 4
A7: Balls left | B7: =B2-SUM(E20:M20) -> 0 | D7: HX | E7: 1 | G7: 1 | H7: 1 | O7: =D7 -> HX | P7: =SUM(E29:M29) -> 6.8308333 | S7: =COUNT(E7:M7) -> 3
D8: JZ | O8: =D8 -> JZ | P8: =SUM(E30:M30) -> 0 | S8: =COUNT(E8:M8) -> 0
D9: LW | F9: 1 | H9: 1 | O9: =D9 -> LW | P9: =SUM(E31:M31) -> 4.9333796 | S9: =COUNT(E9:M9) -> 2
D10: KY | E10: 1 | F10: 1 | G10: 1 | H10: 1 | O10: =D10 -> KY | P10: =SUM(E32:M32) -> 8.3487963 | S10: =COUNT(E10:M10) -> 4
D11: Jit Loong | E11: 1 | O11: =D11 -> Jit Loong | P11: =SUM(E33:M33) -> 2.04925 | S11: =COUNT(E11:M11) -> 1
D12: Matthew | E12: 1 | F12: 1 | G12: 1 | H12: 1 | O12: =D12 -> Matthew | P12: =SUM(E34:M34) -> 8.3487963 | S12: =COUNT(E12:M12) -> 4
D13: Hau Jin | E13: 1 | G13: 1 | O13: =D13 -> Hau Jin | P13: =SUM(E35:M35) -> 3.4154167 | S13: =COUNT(E13:M13) -> 2
D14: Kit Liang | G14: 1 | O14: =D14 -> Kit Liang | P14: =SUM(E36:M36) -> 1.3661667 | S14: =COUNT(E14:M14) -> 1
D15: YL | F15: 1 | G15: 1 | H15: 1 | O15: =D15 -> YL | P15: =SUM(E37:M37) -> 6.2995463 | S15: =COUNT(E15:M15) -> 3
D16: Jess | O16: =D16 -> Jess | P16: =SUM(E38:M38) -> 0 | S16: =COUNT(E16:M16) -> 0
D17: ZL | O17: =D17 -> ZL | P17: =SUM(E39:M39) -> 0 | S17: =COUNT(E17:M17) -> 0
P18: =SUM(P2:P17) -> 81.97
D19: User | E19: =SUM(E2:E17) -> 10 | F19: =SUM(F2:F17) -> 9 | G19: =SUM(G2:G17) -> 10 | H19: =SUM(H2:H17) -> 10 | I19: =SUM(I2:I17) -> 0 | J19: =SUM(J2:J17) -> 0 | K19: =SUM(K2:K17) -> 0 | L19: =SUM(L2:L17) -> 0 | M19: =SUM(M2:M17) -> 0
D20: Ball usage | E20: 3 | F20: 2 | G20: 2 | H20: 5
D21: Weightage price | E21: =IF(E19=0, 0, $B$3*E20/E19) -> 2.04925 | F21: =IF(F19=0, 0, $B$3*F20/F19) -> 1.517963 | G21: =IF(G19=0, 0, $B$3*G20/G19) -> 1.3661667 | H21: =IF(H19=0, 0, $B$3*H20/H19) -> 3.4154167 | I21: =IF(I19=0, 0, $B$3*I20/I19) -> 0 | J21: =IF(J19=0, 0, $B$3*J20/J19) -> 0 | K21: =IF(K19=0, 0, $B$3*K20/K19) -> 0 | L21: =IF(L19=0, 0, $B$3*L20/L19) -> 0 | M21: =IF(M19=0, 0, $B$3*M20/M19) -> 0
D23: Pay | E23: =E1 -> 45011 | F23: =F1 -> 45039 | G23: =G1 -> 45046 | H23: =H1 -> 45060 | I23: =I1 | J23: =J1 | K23: =K1 | L23: =L1 | M23: =M1
D24: =D2 -> Poi | E24: =E2*$E$21 -> 2.04925 | F24: =F2*$F$21 -> 1.517963 | G24: =G2*G$21 -> 1.3661667 | H24: =H2*H$21 -> 3.4154167 | I24: =I2*I$21 -> 0 | J24: =J2*J$21 -> 0 | K24: =K2*K$21 -> 0 | L24: =L2*L$21 -> 0 | M24: =M2*M$21 -> 0
D25: =D3 -> ZT | E25: =E3*$E$21 -> 2.04925 | F25: =F3*$F$21 -> 1.517963 | G25: =G3*G$21 -> 0 | H25: =H3*H$21 -> 3.4154167 | I25: =I3*I$21 -> 0 | J25: =J3*J$21 -> 0 | K25: =K3*K$21 -> 0 | L25: =L3*L$21 -> 0 | M25: =M3*M$21 -> 0
D26: =D4 -> YZ | E26: =E4*$E$21 -> 2.04925 | F26: =F4*$F$21 -> 1.517963 | G26: =G4*G$21 -> 1.3661667 | H26: =H4*H$21 -> 3.4154167 | I26: =I4*I$21 -> 0 | J26: =J4*J$21 -> 0 | K26: =K4*K$21 -> 0 | L26: =L4*L$21 -> 0 | M26: =M4*M$21 -> 0
D27: =D5 -> KC | E27: =E5*$E$21 -> 2.04925 | F27: =F5*$F$21 -> 1.517963 | G27: =G5*G$21 -> 1.3661667 | H27: =H5*H$21 -> 3.4154167 | I27: =I5*I$21 -> 0 | J27: =J5*J$21 -> 0 | K27: =K5*K$21 -> 0 | L27: =L5*L$21 -> 0 | M27: =M5*M$21 -> 0
D28: =D6 -> CJ | E28: =E6*$E$21 -> 2.04925 | F28: =F6*$F$21 -> 1.517963 | G28: =G6*G$21 -> 1.3661667 | H28: =H6*H$21 -> 3.4154167 | I28: =I6*I$21 -> 0 | J28: =J6*J$21 -> 0 | K28: =K6*K$21 -> 0 | L28: =L6*L$21 -> 0 | M28: =M6*M$21 -> 0
D29: =D7 -> HX | E29: =E7*$E$21 -> 2.04925 | F29: =F7*$F$21 -> 0 | G29: =G7*G$21 -> 1.3661667 | H29: =H7*H$21 -> 3.4154167 | I29: =I7*I$21 -> 0 | J29: =J7*J$21 -> 0 | K29: =K7*K$21 -> 0 | L29: =L7*L$21 -> 0 | M29: =M7*M$21 -> 0
D30: =D8 -> JZ | E30: =E8*$E$21 -> 0 | F30: =F8*$F$21 -> 0 | G30: =G8*G$21 -> 0 | H30: =H8*H$21 -> 0 | I30: =I8*I$21 -> 0 | J30: =J8*J$21 -> 0 | K30: =K8*K$21 -> 0 | L30: =L8*L$21 -> 0 | M30: =M8*M$21 -> 0
D31: =D9 -> LW | E31: =E9*$E$21 -> 0 | F31: =F9*$F$21 -> 1.517963 | G31: =G9*G$21 -> 0 | H31: =H9*H$21 -> 3.4154167 | I31: =I9*I$21 -> 0 | J31: =J9*J$21 -> 0 | K31: =K9*K$21 -> 0 | L31: =L9*L$21 -> 0 | M31: =M9*M$21 -> 0
D32: =D10 -> KY | E32: =E10*$E$21 -> 2.04925 | F32: =F10*$F$21 -> 1.517963 | G32: =G10*G$21 -> 1.3661667 | H32: =H10*H$21 -> 3.4154167 | I32: =I10*I$21 -> 0 | J32: =J10*J$21 -> 0 | K32: =K10*K$21 -> 0 | L32: =L10*L$21 -> 0 | M32: =M10*M$21 -> 0
D33: =D11 -> Jit Loong | E33: =E11*$E$21 -> 2.04925 | F33: =F11*$F$21 -> 0 | G33: =G11*G$21 -> 0 | H33: =H11*H$21 -> 0 | I33: =I11*I$21 -> 0 | J33: =J11*J$21 -> 0 | K33: =K11*K$21 -> 0 | L33: =L11*L$21 -> 0 | M33: =M11*M$21 -> 0
D34: Matthew | E34: =E12*$E$21 -> 2.04925 | F34: =F12*$F$21 -> 1.517963 | G34: =G12*G$21 -> 1.3661667 | H34: =H12*H$21 -> 3.4154167 | I34: =I12*I$21 -> 0 | J34: =J12*J$21 -> 0 | K34: =K12*K$21 -> 0 | L34: =L12*L$21 -> 0 | M34: =M12*M$21 -> 0
D35: HJ | E35: =E13*$E$21 -> 2.04925 | F35: =F13*$F$21 -> 0 | G35: =G13*G$21 -> 1.3661667 | H35: =H13*H$21 -> 0 | I35: =I13*I$21 -> 0 | J35: =J13*J$21 -> 0 | K35: =K13*K$21 -> 0 | L35: =L13*L$21 -> 0 | M35: =M13*M$21 -> 0
D36: KL | E36: =E14*$E$21 -> 0 | F36: =F14*$F$21 -> 0 | G36: =G14*G$21 -> 1.3661667 | H36: =H14*H$21 -> 0 | I36: =I14*I$21 -> 0 | J36: =J14*J$21 -> 0 | K36: =K14*K$21 -> 0 | L36: =L14*L$21 -> 0 | M36: =M14*M$21 -> 0
D37: YL | E37: =E15*$E$21 -> 0 | F37: =F15*$F$21 -> 1.517963 | G37: =G15*G$21 -> 1.3661667 | H37: =H15*H$21 -> 3.4154167 | I37: =I15*I$21 -> 0 | J37: =J15*J$21 -> 0 | K37: =K15*K$21 -> 0 | L37: =L15*L$21 -> 0 | M37: =M15*M$21 -> 0
D38: Jess | E38: =E16*$E$21 -> 0 | F38: =F16*$F$21 -> 0 | G38: =G16*G$21 -> 0 | H38: =H16*H$21 -> 0 | I38: =I16*I$21 -> 0 | J38: =J16*J$21 -> 0 | K38: =K16*K$21 -> 0 | L38: =L16*L$21 -> 0 | M38: =M16*M$21 -> 0
D39: ZL | E39: =E17*$E$21 -> 0 | F39: =F17*$F$21 -> 0 | G39: =G17*G$21 -> 0 | H39: =H17*H$21 -> 0 | I39: =I17*I$21 -> 0 | J39: =J17*J$21 -> 0 | K39: =K17*K$21 -> 0 | L39: =L17*L$21 -> 0 | M39: =M17*M$21 -> 0
D41: Sum | E41: =SUM(E24:E39) -> 20.4925 | F41: =SUM(F24:F39) -> 13.661667 | G41: =SUM(G24:G39) -> 13.661667 | H41: =SUM(H24:H39) -> 34.154167 | I41: =SUM(I24:I39) -> 0 | J41: =SUM(J24:J39) -> 0 | K41: =SUM(K24:K39) -> 0 | L41: =SUM(L24:L39) -> 0 | M41: =SUM(M24:M39) -> 0

Sheet Protech (Poi)
A1: Tube price | B1: 69.9 | D1: Players | E1: 44918 | F1: 44569 | G1: 44941 | H1: 44962 | I1: 44983 | J1: 44990 | K1: 44997 | O1: Pay | P1: Total | S1: Frequency
A2: No. of ball | B2: 12 | D2: Poi | E2: 1 | F2: 1 | G2: 1 | H2: 1 | I2: 1 | J2: 1 | K2: 1 | O2: =D2 -> Poi | P2: =SUM(E24:M24) -> 10.191438 | S2: =COUNT(E2:M2) -> 7
A3: Ball price | B3: =B1/B2 -> 5.825 | D3: Zhen Teck | H3: 1 | J3: 1 | K3: 1 | O3: =D3 -> Zhen Teck | P3: =SUM(E25:M25) -> 3.9642361 | S3: =COUNT(E3:M3) -> 3
D4: YZ | O4: =D4 -> YZ | P4: =SUM(E26:M26) -> 0 | S4: =COUNT(E4:M4) -> 0
A5: Tube Holder | B5: Poi | D5: KC | E5: 1 | G5: 1 | H5: 1 | I5: 1 | J5: 1 | K5: 1 | O5: =D5 -> KC | P5: =SUM(E27:M27) -> 8.2497718 | S5: =COUNT(E5:M5) -> 6
D6: CJ | E6: 1 | F6: 1 | G6: 1 | H6: 1 | I6: 1 | J6: 1 | K6: 1 | O6: =D6 -> CJ | P6: =SUM(E28:M28) -> 10.191438 | S6: =COUNT(E6:M6) -> 7
A7: Balls left | B7: =B2-SUM(E20:M20) -> 0 | D7: HX | J7: 1 | K7: 1 | O7: =D7 -> HX | P7: =SUM(E29:M29) -> 2.6697917 | S7: =COUNT(E7:M7) -> 2
D8: JZ | O8: =D8 -> JZ | P8: =SUM(E30:M30) -> 0 | S8: =COUNT(E8:M8) -> 0
D9: LW | G9: 1 | H9: 1 | I9: 1 | O9: =D9 -> LW | P9: =SUM(E31:M31) -> 4.4149802 | S9: =COUNT(E9:M9) -> 3
D10: KY | E10: 1 | F10: 1 | G10: 1 | H10: 1 | I10: 1 | J10: 1 | K10: 1 | O10: =D10 -> KY | P10: =SUM(E32:M32) -> 10.191438 | S10: =COUNT(E10:M10) -> 7
D11: Jit Loong | E11: 1 | O11: =D11 -> Jit Loong | P11: =SUM(E33:M33) -> 1.165 | S11: =COUNT(E11:M11) -> 1
D12: Matthew | G12: 1 | H12: 1 | I12: 1 | J12: 1 | O12: =D12 -> Matthew | P12: =SUM(E34:M34) -> 6.3566468 | S12: =COUNT(E12:M12) -> 4
D13: Hau Jin | G13: 1 | I13: 1 | J13: 1 | K13: 1 | O13: =D13 -> Hau Jin | P13: =SUM(E35:M35) -> 5.7903274 | S13: =COUNT(E13:M13) -> 4
D14: Kit Liang | O14: =D14 -> Kit Liang | P14: =SUM(E36:M36) -> 0 | S14: =COUNT(E14:M14) -> 0
D15: YL | H15: 1 | I15: 1 | J15: 1 | K15: 1 | O15: =D15 -> YL | P15: =SUM(E37:M37) -> 5.4204861 | S15: =COUNT(E15:M15) -> 4
D16: Jess | H16: 1 | O16: =D16 -> Jess | P16: =SUM(E38:M38) -> 1.2944444 | S16: =COUNT(E16:M16) -> 1
D17: ZL | O17: =D17 -> ZL | P17: =SUM(E39:M39) -> 0 | S17: =COUNT(E17:M17) -> 0
P18: =SUM(P2:P17) -> 69.9
D19: User | E19: =SUM(E2:E17) -> 5 | F19: =SUM(F2:F17) -> 3 | G19: =SUM(G2:G17) -> 7 | H19: =SUM(H2:H17) -> 9 | I19: =SUM(I2:I17) -> 8 | J19: =SUM(J2:J17) -> 9 | K19: =SUM(K2:K17) -> 8 | L19: =SUM(L2:L17) -> 0 | M19: =SUM(M2:M17) -> 0
D20: Ball usage | E20: 1 | F20: 1 | G20: 2 | H20: 2 | I20: 2 | J20: 3 | K20: 1
D21: Weightage price | E21: =IF(E19=0, 0, $B$3*E20/E19) -> 1.165 | F21: =IF(F19=0, 0, $B$3*F20/F19) -> 1.9416667 | G21: =IF(G19=0, 0, $B$3*G20/G19) -> 1.6642857 | H21: =IF(H19=0, 0, $B$3*H20/H19) -> 1.2944444 | I21: =IF(I19=0, 0, $B$3*I20/I19) -> 1.45625 | J21: =IF(J19=0, 0, $B$3*J20/J19) -> 1.9416667 | K21: =IF(K19=0, 0, $B$3*K20/K19) -> 0.728125 | L21: =IF(L19=0, 0, $B$3*L20/L19) -> 0 | M21: =IF(M19=0, 0, $B$3*M20/M19) -> 0
D23: Pay | E23: =E1 -> 44918 | F23: =F1 -> 44569 | G23: =G1 -> 44941 | H23: =H1 -> 44962 | I23: =I1 -> 44983 | J23: =J1 -> 44990 | K23: =K1 -> 44997 | L23: =L1 | M23: =M1
D24: =D2 -> Poi | E24: =E2*$E$21 -> 1.165 | F24: =F2*$F$21 -> 1.9416667 | G24: =G2*G$21 -> 1.6642857 | H24: =H2*H$21 -> 1.2944444 | I24: =I2*I$21 -> 1.45625 | J24: =J2*J$21 -> 1.9416667 | K24: =K2*K$21 -> 0.728125 | L24: =L2*L$21 -> 0 | M24: =M2*M$21 -> 0
D25: =D3 -> Zhen Teck | E25: =E3*$E$21 -> 0 | F25: =F3*$F$21 -> 0 | G25: =G3*G$21 -> 0 | H25: =H3*H$21 -> 1.2944444 | I25: =I3*I$21 -> 0 | J25: =J3*J$21 -> 1.9416667 | K25: =K3*K$21 -> 0.728125 | L25: =L3*L$21 -> 0 | M25: =M3*M$21 -> 0
D26: =D4 -> YZ | E26: =E4*$E$21 -> 0 | F26: =F4*$F$21 -> 0 | G26: =G4*G$21 -> 0 | H26: =H4*H$21 -> 0 | I26: =I4*I$21 -> 0 | J26: =J4*J$21 -> 0 | K26: =K4*K$21 -> 0 | L26: =L4*L$21 -> 0 | M26: =M4*M$21 -> 0
D27: =D5 -> KC | E27: =E5*$E$21 -> 1.165 | F27: =F5*$F$21 -> 0 | G27: =G5*G$21 -> 1.6642857 | H27: =H5*H$21 -> 1.2944444 | I27: =I5*I$21 -> 1.45625 | J27: =J5*J$21 -> 1.9416667 | K27: =K5*K$21 -> 0.728125 | L27: =L5*L$21 -> 0 | M27: =M5*M$21 -> 0
D28: =D6 -> CJ | E28: =E6*$E$21 -> 1.165 | F28: =F6*$F$21 -> 1.9416667 | G28: =G6*G$21 -> 1.6642857 | H28: =H6*H$21 -> 1.2944444 | I28: =I6*I$21 -> 1.45625 | J28: =J6*J$21 -> 1.9416667 | K28: =K6*K$21 -> 0.728125 | L28: =L6*L$21 -> 0 | M28: =M6*M$21 -> 0
D29: =D7 -> HX | E29: =E7*$E$21 -> 0 | F29: =F7*$F$21 -> 0 | G29: =G7*G$21 -> 0 | H29: =H7*H$21 -> 0 | I29: =I7*I$21 -> 0 | J29: =J7*J$21 -> 1.9416667 | K29: =K7*K$21 -> 0.728125 | L29: =L7*L$21 -> 0 | M29: =M7*M$21 -> 0
D30: =D8 -> JZ | E30: =E8*$E$21 -> 0 | F30: =F8*$F$21 -> 0 | G30: =G8*G$21 -> 0 | H30: =H8*H$21 -> 0 | I30: =I8*I$21 -> 0 | J30: =J8*J$21 -> 0 | K30: =K8*K$21 -> 0 | L30: =L8*L$21 -> 0 | M30: =M8*M$21 -> 0
D31: =D9 -> LW | E31: =E9*$E$21 -> 0 | F31: =F9*$F$21 -> 0 | G31: =G9*G$21 -> 1.6642857 | H31: =H9*H$21 -> 1.2944444 | I31: =I9*I$21 -> 1.45625 | J31: =J9*J$21 -> 0 | K31: =K9*K$21 -> 0 | L31: =L9*L$21 -> 0 | M31: =M9*M$21 -> 0
D32: =D10 -> KY | E32: =E10*$E$21 -> 1.165 | F32: =F10*$F$21 -> 1.9416667 | G32: =G10*G$21 -> 1.6642857 | H32: =H10*H$21 -> 1.2944444 | I32: =I10*I$21 -> 1.45625 | J32: =J10*J$21 -> 1.9416667 | K32: =K10*K$21 -> 0.728125 | L32: =L10*L$21 -> 0 | M32: =M10*M$21 -> 0
D33: =D11 -> Jit Loong | E33: =E11*$E$21 -> 1.165 | F33: =F11*$F$21 -> 0 | G33: =G11*G$21 -> 0 | H33: =H11*H$21 -> 0 | I33: =I11*I$21 -> 0 | J33: =J11*J$21 -> 0 | K33: =K11*K$21 -> 0 | L33: =L11*L$21 -> 0 | M33: =M11*M$21 -> 0
D34: Matthew | E34: =E12*$E$21 -> 0 | F34: =F12*$F$21 -> 0 | G34: =G12*G$21 -> 1.6642857 | H34: =H12*H$21 -> 1.2944444 | I34: =I12*I$21 -> 1.45625 | J34: =J12*J$21 -> 1.9416667 | K34: =K12*K$21 -> 0 | L34: =L12*L$21 -> 0 | M34: =M12*M$21 -> 0
D35: HJ | E35: =E13*$E$21 -> 0 | F35: =F13*$F$21 -> 0 | G35: =G13*G$21 -> 1.6642857 | H35: =H13*H$21 -> 0 | I35: =I13*I$21 -> 1.45625 | J35: =J13*J$21 -> 1.9416667 | K35: =K13*K$21 -> 0.728125 | L35: =L13*L$21 -> 0 | M35: =M13*M$21 -> 0
D36: KL | E36: =E14*$E$21 -> 0 | F36: =F14*$F$21 -> 0 | G36: =G14*G$21 -> 0 | H36: =H14*H$21 -> 0 | I36: =I14*I$21 -> 0 | J36: =J14*J$21 -> 0 | K36: =K14*K$21 -> 0 | L36: =L14*L$21 -> 0 | M36: =M14*M$21 -> 0
D37: YL | E37: =E15*$E$21 -> 0 | F37: =F15*$F$21 -> 0 | G37: =G15*G$21 -> 0 | H37: =H15*H$21 -> 1.2944444 | I37: =I15*I$21 -> 1.45625 | J37: =J15*J$21 -> 1.9416667 | K37: =K15*K$21 -> 0.728125 | L37: =L15*L$21 -> 0 | M37: =M15*M$21 -> 0
D38: Jess | E38: =E16*$E$21 -> 0 | F38: =F16*$F$21 -> 0 | G38: =G16*G$21 -> 0 | H38: =H16*H$21 -> 1.2944444 | I38: =I16*I$21 -> 0 | J38: =J16*J$21 -> 0 | K38: =K16*K$21 -> 0 | L38: =L16*L$21 -> 0 | M38: =M16*M$21 -> 0
D39: ZL | E39: =E17*$E$21 -> 0 | F39: =F17*$F$21 -> 0 | G39: =G17*G$21 -> 0 | H39: =H17*H$21 -> 0 | I39: =I17*I$21 -> 0 | J39: =J17*J$21 -> 0 | K39: =K17*K$21 -> 0 | L39: =L17*L$21 -> 0 | M39: =M17*M$21 -> 0
D41: Sum | E41: =SUM(E24:E39) -> 5.825 | F41: =SUM(F24:F39) -> 5.825 | G41: =SUM(G24:G39) -> 11.65 | H41: =SUM(H24:H39) -> 11.65 | I41: =SUM(I24:I39) -> 11.65 | J41: =SUM(J24:J39) -> 17.475 | K41: =SUM(K24:K39) -> 5.825 | L41: =SUM(L24:L39) -> 0 | M41: =SUM(M24:M39) -> 0

Sheet Template
A1: Tube price | B1: 48 | E1: Players | F1: 44836 | G1: 44837 | H1: 44838 | J1: Pay | K1: 44836 | L1: 44837 | M1: 44838 | O1: Total
A2: No. of ball | B2: 12 | E2: Poi | F2: 1 | G2: 1 | H2: 1 | J2: Poi | K2: =F2*$F$14 -> 2.4 | L2: =G2*$G$14 -> 2.2857143 | M2: =H2*$H$14 -> 4 | N2: "=weightage price*count | O2: =SUM(K2:M2) -> 8.6857143
A3: Ball price | B3: =B1/B2 -> 4 | C3: "=Tube price/No. of ball | E3: ZT | F3: 1 | G3: 1 | H3: 0 | J3: ZT | K3: =F3*$F$14 -> 2.4 | L3: =G3*$G$14 -> 2.2857143 | M3: =H3*$H$14 -> 0 | O3: =SUM(K3:M3) -> 4.6857143
E4: LW | F4: 1 | G4: 1 | H4: 1 | J4: LW | K4: =F4*$F$14 -> 2.4 | L4: =G4*$G$14 -> 2.2857143 | M4: =H4*$H$14 -> 4 | O4: =SUM(K4:M4) -> 8.6857143
A5: Ball left | B5: =B2-SUM(F13:H13) -> 0 | E5: CJ | F5: 1 | G5: 1 | H5: 1 | J5: CJ | K5: =F5*$F$14 -> 2.4 | L5: =G5*$G$14 -> 2.2857143 | M5: =H5*$H$14 -> 4 | O5: =SUM(K5:M5) -> 8.6857143
E6: KC | F6: 1 | G6: 1 | H6: 0 | J6: KC | K6: =F6*$F$14 -> 2.4 | L6: =G6*$G$14 -> 2.2857143 | M6: =H6*$H$14 -> 0 | O6: =SUM(K6:M6) -> 4.6857143
E7: YZ | F7: 0 | G7: 1 | H7: 0 | J7: YZ | K7: =F7*$F$14 -> 0 | L7: =G7*$G$14 -> 2.2857143 | M7: =H7*$H$14 -> 0 | O7: =SUM(K7:M7) -> 2.2857143
E8: KY | F8: 0 | G8: 1 | H8: 1 | J8: KY | K8: =F8*$F$14 -> 0 | L8: =G8*$G$14 -> 2.2857143 | M8: =H8*$H$14 -> 4 | O8: =SUM(K8:M8) -> 6.2857143
E9: HX | F9: 0 | G9: 0 | H9: 0 | J9: HX | K9: =F9*$F$14 -> 0 | L9: =G9*$G$14 -> 0 | M9: =H9*$H$14 -> 0 | O9: =SUM(K9:M9) -> 0
E10: JZ | F10: 0 | G10: 0 | H10: 1 | J10: JZ | K10: =F10*$F$14 -> 0 | L10: =G10*$G$14 -> 0 | M10: =H10*$H$14 -> 4 | O10: =SUM(K10:M10) -> 4
E12: User | F12: =SUM(F2:F10) -> 5 | G12: =SUM(G2:G10) -> 7 | H12: =SUM(H2:H10) -> 5 | J12: Sum | K12: =SUM(K2:K10) -> 12 | L12: =SUM(L2:L10) -> 16 | M12: =SUM(M2:M10) -> 20 | O12: =SUM(O2:O10) -> 48
E13: Ball usage | F13: 3 | G13: 4 | H13: 5 | I13: max.12
E14: Weightage price | F14: =$B$3*F13/F12 -> 2.4 | G14: =$B$3*G13/G12 -> 2.2857143 | H14: =$B$3*H13/H12 -> 4 | I14: "=ball usage*ball price/user
B17: Manual input
B18: Fix
B19: Calculation | K19: FYP | L19: Capstone | M19: Individual | N19: File | O19: Poster | P19: Total
J20: Poi | K20: 116.2 | L20: 20.8 | M20: 10.4 | N20: 11.4 | O20: 114
J21: Yeow | K21: 152.8 | L21: 39.1 | P21: =K21+L21 -> 191.9
J22: Amer | K22: 199.5 | L22: 81 | P22: =K22+L22 -> 280.5
J23: Chan | K23: 103.8 | P23: =K23+L23 -> 103.8
P25: 11.9
L26: =11.9+20.8+114 -> 146.7
L27: =L26/5 -> 29.34
P28: =M20/2 -> 5.2
